feature,mean,scale
Coef_1,0,1
Coef_2,0,1
Coef_3,0,1
Coef_4,0,1
Coef_5,0,1
Coef_6,0.30827544039735105,0.02593682894808479
Coef_7,2.0379449470198678,0.11499231459020103
Coef_8,4.1721854304635751e-07,8.7160973019773061e-07
Coef_9,-7.4503311258278144e-07,7.7495470850112282e-07
Coef_10,2.2185430463576161e-07,4.7498958367597429e-07
Coef_11,0.97793707615894043,0.072967213900047331
Coef_12,3.3112582781456954e-09,1.2862863973215254e-07
Coef_13,0.041145682119205294,0.014197605922784549
Coef_14,-0.13782451655629141,0.015043045097740012
Coef_15,0.026635917218543043,0.015042896799782575
Coef_16,0.091583337748344373,0.025746033359854113
Coef_17,-0.079705331125827825,0.02528794635848132
Coef_18,0.074917533112582771,0.01863981384890287
Coef_19,-0.00014162582781456992,0.013533643191768962
Coef_20,0.0034940794701986758,0.013859805317441985
Coef_21,-0.02305140397350993,0.017667087807700998
Coef_22,-0.095793589403973506,0.034723222037504643
Coef_23,0.33946140066225167,0.039518474006424179
Coef_24,-0.081930887417218545,0.034949192943536531
Coef_25,-0.0093655463576158941,0.033811825817536098
Coef_26,0.075289139072847677,0.035017438833682926
Coef_27,0.0040879039735099336,0.026728957906899255
Coef_28,-0.018134033112582781,0.0058653409959612372
Coef_29,-0.0032964768211920527,0.0047999201370762844
Coef_30,-0.051472665562913911,0.011090463842529602
Coef_31,0.023366463576158944,0.01340610077454105
Coef_32,0.028969410596026486,0.016234021415782954
Coef_33,-0.046607841059602653,0.01689372510750221
Coef_34,0.0037961192052980131,0.0071493323695405965
Coef_35,-0.087913205298013247,0.011180903474268039
Coef_36,0.013326572847682121,0.0097410489089903574
Coef_37,0.046478350993377486,0.010698084416757139
Coef_38,-0.019443168874172183,0.013604271776814876
Coef_39,0.013554695364238409,0.012612919509622015
Coef_40,0.010758165562913908,0.012268370987806133
Coef_41,-0.046111427152317884,0.012579303979773847
Coef_42,0.034919052980132446,0.01151068615499452
Coef_43,-0.054621639072847679,0.019973198748752009
Coef_44,-0.044967503311258275,0.037018301046945777
Coef_45,0.1002874867549669,0.02076234098817923
Coef_46,-0.03236364238410596,0.02469074703762696
Coef_47,0.19217345033112584,0.018832039020370353
Coef_48,-0.04865716887417218,0.01852035635361423
Coef_49,0.0082034536423841054,0.0044292320537085567
Coef_50,-0.0026823774834437088,0.0046045653673006601
Coef_51,-0.0070581059602648991,0.0059767437292112882
Coef_52,-0.014207860927152318,0.0076356424117595629
Coef_53,0.0015381490066225167,0.0066878280758282628
Coef_54,0.03481267549668874,0.0087000667627412237
Coef_55,-0.003410956953642384,0.003809485847893299
Coef_56,-0.007575377483443709,0.0056981335619037858
Coef_57,-0.013804917218543046,0.0065154740565740079
Coef_58,-0.020992685430463575,0.0086565399713290879
Coef_59,0.012691546357615895,0.0081993973609215988
Coef_60,0.025743612582781458,0.011645151676774049
Coef_61,0.020734009933774833,0.0084547118551066801
Coef_62,0.014954880794701987,0.0073572589220930133
Coef_63,-0.0080289933774834437,0.010466789807804055
Coef_64,9.2182119205297982e-05,0.0089674085747390147
Coef_65,0.015505443708609271,0.0099178132337499943
Coef_66,-0.041582850993377475,0.0087767300002714321
Coef_67,0.0028826324503311257,0.0087680036466511978
Coef_68,0.0020178774834437086,0.0091900028036637355
Coef_69,-0.001329264900662252,0.01060303515224586
Coef_70,0.028721503311258282,0.014884573827005544
Coef_71,-0.085126990066225164,0.015407758293761432
Coef_72,-0.0080128642384105966,0.012825339410124008
Coef_73,-0.029339178807947019,0.01510858131062223
Coef_74,-0.017101725165562916,0.025886591380838569
Coef_75,0.0097885894039735095,0.011819204321988888
Coef_76,-0.00023625827814569535,0.0027904637725193154
Coef_77,0.00037465562913907281,0.0029417627335912833
Coef_78,0.01789200331125828,0.0042742009620778763
Coef_79,0.0064537516556291393,0.0063199041143425592
Coef_80,0.0022933973509933776,0.004926973052963528
Coef_81,-0.0083582350993377484,0.0085581004372310854
Coef_82,0.0068930165562913915,0.0034889809423787601
Coef_83,0.0064955761589403967,0.0051386465549194222
Coef_84,-0.0034167019867549667,0.0049573742713411289
Coef_85,0.0026363543046357615,0.0047149331932544213
Coef_86,0.0048800761589403979,0.0058135548656840785
Coef_87,-0.017203953642384105,0.0059355873433413267
Coef_88,0.0036866821192052981,0.0045548857654213338
Coef_89,0.0067915960264900658,0.0054843259665162203
Coef_90,0.0061290165562913916,0.006670086630521847
Coef_91,-0.0077414205298013241,0.0067801645606024967
Coef_92,-0.012654261589403974,0.0072337351504097088
Coef_93,0.019060917218543045,0.0072568376084854403
Coef_94,-0.015368327814569536,0.0066683889429549892
Coef_95,-0.0073390662251655624,0.0049587246887340484
Coef_96,-0.0048142516556291389,0.0080648304599207441
Coef_97,-0.0032958245033112583,0.0085053272035861063
Coef_98,0.002892880794701987,0.0071157050950018388
Coef_99,-0.0097468245033112567,0.0067863634712978013
Coef_100,-0.0039169602649006627,0.0070614656897249632
Coef_101,0.008759301324503312,0.0076223456015065468
Coef_102,-0.012982112582781457,0.0086638251650547737
Coef_103,0.0035447251655629144,0.010660372349800291
Coef_104,0.015663920529801322,0.012266874591841339
Coef_105,0.0028356357615894039,0.0082610063920234462
Coef_106,0.021336847682119207,0.010662121215990812
Coef_107,-0.011139728476821192,0.011772212434447989
Coef_108,0.0016690860927152319,0.0074890690222752399
Coef_109,0.00083125827814569536,0.0021129696247885708
Coef_110,-0.0019886456953642382,0.0023212054309375376
Coef_111,-0.0063378874172185422,0.003634679839682443
Coef_112,0.010430423841059603,0.0032699442831737582
Coef_113,-0.0036049437086092713,0.003210960623547158
Coef_114,-0.0033492947019867552,0.0067287061878803719
Coef_115,-0.0008102781456953643,0.0023060459742203221
Coef_116,0.0052865894039735096,0.0033930390590997425
Coef_117,-0.0031962218543046361,0.0037552428780702352
Coef_118,-0.0042812218543046357,0.0035731815762158636
Coef_119,0.0063800099337748342,0.003869024893397448
Coef_120,0.011682824503311259,0.0049597619674573773
Coef_121,0.0033061324503311255,0.0037306406648907344
Coef_122,0.00072557284768211923,0.0041439789537588778
Coef_123,0.0084724304635761579,0.0049030764170187018
Coef_124,-0.006434784768211921,0.0040129095598822658
Coef_125,0.0036210927152317877,0.0039433998036302936
Coef_126,-0.0066595728476821197,0.0050262208005701411
Coef_127,0.010709586092715231,0.0036642916444837026
Coef_128,-0.0013904536423841058,0.0045271867983830332
Coef_129,-0.005992271523178808,0.0057392776496280615
Coef_130,0.0079577615894039725,0.0051671421312063344
Coef_131,-0.0030443576158940399,0.0050064696968775569
Coef_132,0.0028764966887417217,0.0063760182470782752
Coef_133,-0.0082741589403973505,0.0058662169935826229
Coef_134,-0.0025018543046357615,0.0044228330480389879
Coef_135,0.007156738410596027,0.0063884558245556854
Coef_136,0.0053042748344370857,0.0069377976442775305
Coef_137,-0.002955943708609271,0.0060467944597574295
Coef_138,-0.0016574668874172187,0.0063765743577797549
Coef_139,-0.015292327814569536,0.005939513693537242
Coef_140,-0.0044983344370860927,0.0058271029098452224
Coef_141,-0.010167996688741722,0.00527133874541024
Coef_142,-0.0076972251655629135,0.0078985741953951031
Coef_143,0.0026408013245033113,0.008398917773252251
Coef_144,0.00019617549668874172,0.0060308418777123588
Coef_145,-0.00024666556291390692,0.0092620490701332304
Coef_146,0.00013092384105960257,0.0095160224827157067
Coef_147,-0.0026528874172185432,0.0061235900542809061
Coef_148,-0.00081334437086092706,0.001869661459763222
Coef_149,5.1231788079470224e-05,0.0018844183441962033
Coef_150,-7.6754966887417462e-06,0.0029460077173789857
Coef_151,0.00057102317880794711,0.0035296985739070624
Coef_152,0.00088505960264900654,0.0028200603411227482
Coef_153,-0.0027091125827814568,0.0041376953386881854
Coef_154,0.00085234768211920535,0.0020680081440248017
Coef_155,-0.0028946192052980136,0.0027235626570814146
Coef_156,0.0020737814569536423,0.0031809632197212006
Coef_157,0.0011354370860927154,0.0028249948650862526
Coef_158,0.0017602284768211921,0.0026703976569930252
Coef_159,0.0020729238410596026,0.0035921868771578384
Coef_160,9.381125827814567e-05,0.0025396258929805174
Coef_161,-0.0028135827814569536,0.0026992042741048527
Coef_162,-0.0013143278145695363,0.0040713833650395034
Coef_163,-0.0013257284768211921,0.0034165453029441693
Coef_164,-0.0014991655629139073,0.0037922673597144772
Coef_165,-0.0070019768211920528,0.0047448255841459602
Coef_166,-0.0023576523178807946,0.0031837275897714794
Coef_167,0.0065549999999999992,0.0033862991862515556
Coef_168,0.0028866456953642382,0.004144900186964541
Coef_169,-0.00010609271523178807,0.0034846269610431832
Coef_170,-0.002713566225165563,0.0031387145469449164
Coef_171,-0.0022204966887417218,0.0042975501389755652
Coef_172,-0.0056721092715231788,0.003630245480632011
Coef_173,-0.0021128278145695367,0.0031799966559638987
Coef_174,-0.0091096258278145683,0.004582483849130823
Coef_175,0.0025222251655629135,0.0040320635608298624
Coef_176,0.0025380033112582779,0.0048330493202301504
Coef_177,0.0082234966887417202,0.0048719974878392762
Coef_178,0.0049001655629139079,0.0042036216527036527
Coef_179,-0.0074929602649006621,0.004557306166488034
Coef_180,0.0015368410596026491,0.0042258152441924397
Coef_181,0.0081757483443708617,0.0052883427156710733
Coef_182,0.0013094403973509933,0.0060239682066771235
Coef_183,0.00090695695364238413,0.0042963726639670624
Coef_184,0.0068749437086092725,0.0064918867031880604
Coef_185,-0.0050248145695364231,0.0048648057193961857
Coef_186,0.0011818377483443709,0.004709913118055859
Coef_187,-0.013649360927152318,0.0077247924264657918
Coef_188,0.00024787748344370865,0.007430821161932161
Coef_189,0.001371930463576159,0.005050146268795022
Coef_190,-0.0049197615894039735,0.008770215708802263
Coef_191,0.0082842284768211913,0.0077851893955522703
Coef_192,-0.0016407284768211923,0.004473890928359558
Coef_193,-0.0014892251655629139,0.0016575622017323294
Coef_194,0.0011036688741721853,0.0015063460998306103
Coef_195,-0.0019443543046357616,0.0023732838770832267
Coef_196,-0.0020491688741721852,0.0022864590009165357
Coef_197,0.001261039735099338,0.0020617152759815852
Coef_198,0.00050940397350993365,0.0032294620462746701
Coef_199,-0.00055251655629139063,0.0017107279166170104
Coef_200,-0.0031370198675496693,0.0022220833729096603
Coef_201,0.00059942715231788078,0.0022732904776307386
Coef_202,0.0021163675496688743,0.0022753299434724204
Coef_203,-0.0018530430463576158,0.0020994143494626762
Coef_204,8.5715231788079495e-05,0.003214344492261767
Coef_205,-0.00028962582781456956,0.0022728741007534865
Coef_206,0.00045068874172185432,0.0022862815212718259
Coef_207,-0.0011487119205298014,0.003125591942843653
Coef_208,-7.1450331125827809e-05,0.0024844708450660743
Coef_209,5.2324503311258301e-05,0.00218611190145678
Coef_210,0.00038703311258278137,0.003406985882983752
Coef_211,-0.001659996688741722,0.0024191481184901295
Coef_212,0.0016143841059602648,0.0025111164329596168
Coef_213,0.0011961721854304636,0.0028960048199842565
Coef_214,-0.002635486754966887,0.0027885014415559603
Coef_215,-0.0035293807947019864,0.0027542780686594997
Coef_216,0.0033141192052980133,0.003512891054665521
Coef_217,0.0033970033112582783,0.0028492493847117745
Coef_218,-0.0010718145695364238,0.002755169290609958
Coef_219,0.0018905231788079468,0.0032651539436836375
Coef_220,0.0047436854304635772,0.0032932457786599987
Coef_221,-0.00063852649006622506,0.0026442108095970085
Coef_222,0.00075261589403973503,0.0035876087220499445
Coef_223,0.0016801490066225165,0.0033749627578493185
Coef_224,-0.0012922384105960266,0.0026545396795014773
Coef_225,-0.0020582251655629135,0.0034195725947488561
Coef_226,0.00081056291390728483,0.0033759263356189046
Coef_227,0.0069380927152317869,0.0033914634260466133
Coef_228,-0.0012598543046357616,0.0042054368545625855
Coef_229,-0.0017561357615894038,0.0034914440699357224
Coef_230,0.0018732880794701985,0.0042332877106158609
Coef_231,0.0023820132450331128,0.0033981489555827125
Coef_232,-0.0031789867549668871,0.0040225076393257276
Coef_233,0.0026656821192052984,0.0039800078128494334
Coef_234,0.001640615894039735,0.0033097312196766595
Coef_235,0.00047019536423841056,0.0049004177749573134
Coef_236,0.0015232549668874171,0.0041446606749513974
Coef_237,-0.0012525033112582781,0.0039389192905086735
Coef_238,0.0037294668874172181,0.006237978753121899
Coef_239,-0.0087998344370860924,0.0062233374597680177
Coef_240,0.0034047549668874176,0.0039830124235870571
Coef_241,-0.0067517715231788086,0.0062494580780248776
Coef_242,-0.0043601688741721854,0.0077949229520949985
Coef_243,-0.0044762384105960272,0.0039771398816894317
Coef_244,0.0020685562913907284,0.0012344786101363843
Coef_245,-0.0011156059602649008,0.001226790938580956
Coef_246,-0.00017805960264900649,0.0018988383281489565
Coef_247,-0.0010630894039735099,0.0021117693270531293
Coef_248,-0.0011520331125827812,0.0017138326976282861
Coef_249,-0.00023943046357615888,0.0028551486096021392
Coef_250,-7.2655629139072858e-05,0.0013854021748374988
Coef_251,-0.00043401986754966877,0.0019949090270223718
Coef_252,-0.0006527615894039734,0.00201731657448786
Coef_253,-0.0023546754966887414,0.001724581335314406
Coef_254,0.00012058609271523185,0.0018495296102014388
Coef_255,0.0025693509933774838,0.002710716548798394
Coef_256,8.5668874172185411e-05,0.0019369287860279648
Coef_257,0.00055893377483443713,0.0019804808740058483
Coef_258,-0.0012101589403973509,0.0024627148202738028
Coef_259,-8.8182119205297967e-05,0.0020707218827836871
Coef_260,5.6807947019867528e-05,0.0019287506326248482
Coef_261,0.0028164139072847684,0.0024910177826706539
Coef_262,-0.0020938874172185431,0.0019602185124276811
Coef_263,0.00032608940397350992,0.0019905385528588802
Coef_264,0.00049795364238410596,0.0026957058133795049
Coef_265,0.0010507086092715232,0.0020631711369290253
Coef_266,0.0018951324503311258,0.0019864583618884419
Coef_267,-0.0046011622516556293,0.0027225583465732357
Coef_268,0.0011566523178807946,0.001972957742398283
Coef_269,0.0014199668874172184,0.0019463947038754542
Coef_270,-0.0028911655629139076,0.0027611946999920914
Coef_271,0.00036863576158940403,0.0024295194289014957
Coef_272,0.0024045761589403972,0.0021602598183113092
Coef_273,0.00096540728476821199,0.0033634565538666105
Coef_274,0.002963360927152318,0.0024713280887104956
Coef_275,-8.8728476821192063e-05,0.0023928833391161247
Coef_276,0.001581725165562914,0.0030700205816062373
Coef_277,-0.0025512947019867547,0.0026596769738454554
Coef_278,-0.00071289072847682128,0.002377138963885504
Coef_279,0.0050518576158940396,0.0032906549222723293
Coef_280,0.00040185430463576154,0.0026060450977718214
Coef_281,-2.1516556291390707e-05,0.0022223412654353999
Coef_282,0.00210103642384106,0.0033156398824056772
Coef_283,0.0018532185430463579,0.0030109739835678388
Coef_284,-0.0033576953642384107,0.00317571047167595
Coef_285,-0.00050056622516556288,0.0030590991868552088
Coef_286,-0.0023334172185430465,0.0028579540332888953
Coef_287,0.0036855397350993384,0.0032938146663660569
Coef_288,-0.0029542450331125829,0.003351506263062849
Coef_289,0.0011511059602649007,0.0035736616855932312
Coef_290,-0.002341344370860927,0.0033031695385816948
Coef_291,-0.00049107947019867541,0.0031488415446247349
Coef_292,-0.0035670198675496682,0.0035382823113535001
Coef_293,0.0019407384105960266,0.0033781994588669368
Coef_294,-0.0034313079470198664,0.003262620229629021
Coef_295,0.0016982152317880795,0.0048919014697864794
Coef_296,0.0064600927152317876,0.0071405657717769641
Coef_297,0.00065538410596026483,0.0032535973893012497
Coef_298,0.0033424139072847675,0.005117678558230236
Coef_299,-0.01091533774834437,0.005946181492038162
Coef_300,0.0016371953642384104,0.0028221924732152038
Coef_301,-0.00069444701986754961,0.0010209234306090811
Coef_302,0.00011276490066225167,0.0010850475747313055
Coef_303,0.00073153642384105966,0.0012189616620064455
Coef_304,0.0014179735099337748,0.0020652089737502452
Coef_305,0.00027213576158940396,0.0014275513832319546
Coef_306,-0.00057278145695364231,0.0022377243937028333
Coef_307,0.00059761920529801315,0.0012116877387295161
Coef_308,0.0016711754966887414,0.0014431043131405592
Coef_309,-0.00061159271523178807,0.0015931124051502521
Coef_310,0.00094475827814569536,0.0014580742145310981
Coef_311,0.00092544701986754959,0.0014663649345798239
Coef_312,-0.00044287417218543047,0.0020648986820056858
Coef_313,0.0012601092715231786,0.0016200996263557412
Coef_314,0.00026977152317880798,0.0016261569729821516
Coef_315,-0.00018695364238410593,0.001957383435037258
Coef_316,-0.00029920529801324503,0.0016709591757802609
Coef_317,-8.1841059602649006e-05,0.0015205118892009776
Coef_318,0.0016034536423841061,0.0022567167418949558
Coef_319,0.0002838443708609272,0.0017130384624382535
Coef_320,-0.00066483443708609279,0.0017367896849287811
Coef_321,-0.00075121854304635767,0.0021021408762252861
Coef_322,0.00075487417218543052,0.0016128974495741688
Coef_323,-0.0011595960264900662,0.0017041189550510679
Coef_324,-0.0011717450331125826,0.002088026406933468
Coef_325,-0.001625980132450331,0.0016548297844489383
Coef_326,0.0007874933774834437,0.0017738579307727588
Coef_327,0.0011102052980132449,0.0021630010664541676
Coef_328,-0.00087554304635761599,0.0019784507777387567
Coef_329,0.00017886754966887417,0.001834419375724392
Coef_330,-0.0011531523178807948,0.002491691459188445
Coef_331,-0.00098719205298013223,0.001923116970869285
Coef_332,-0.00084307284768211921,0.0018487344144280341
Coef_333,-0.0017311920529801328,0.0023851473643929466
Coef_334,-0.0015238046357615896,0.0019197076242217371
Coef_335,3.857947019867543e-05,0.0022154694191064217
Coef_336,-0.00043035099337748343,0.0025762393563437598
Coef_337,0.00073405298013245026,0.0022932431538665978
Coef_338,0.0029873112582781461,0.0019357709663707925
Coef_339,-0.00062840397350993372,0.0024210808999747657
Coef_340,-0.00058754966887417212,0.0020881318156000311
Coef_341,0.0010485198675496687,0.0019516034546770168
Coef_342,0.00055352317880794707,0.0025788907719601377
Coef_343,3.7281456953642403e-05,0.0024000842156003685
Coef_344,-0.00030388410596026496,0.0020721177644175848
Coef_345,0.003199182119205298,0.0026240894270465002
Coef_346,0.0020954834437086093,0.0025345361785648998
Coef_347,-0.0011820894039735101,0.0029750366075916176
Coef_348,-0.00012450331125827814,0.0025903336993194706
Coef_349,-0.00056393708609271524,0.0028590005905624683
Coef_350,-0.0024388476821192054,0.0027862168926387895
Coef_351,0.00062771854304635765,0.0027579222594181119
Coef_352,0.0015013907284768214,0.0031431308093073933
Coef_353,-0.0013484006622516557,0.0027786471531523063
Coef_354,0.003185771523178808,0.0024621916092469375
Coef_355,-0.001193096026490066,0.0032011066671937729
Coef_356,-0.00055745364238410594,0.0029761611017349362
Coef_357,-0.00067858278145695346,0.0028008450187945373
Coef_358,0.00044676158940397354,0.0037838075049546477
Coef_359,0.0077178708609271542,0.0051324449371612331
Coef_360,-0.0014582516556291387,0.0028372913576028324
Coef_361,0.0026775927152317882,0.0040883897439404583
Coef_362,0.0041765231788079464,0.0061655113271292779
Coef_363,-0.0032003741721854302,0.0026286932862370532
Coef_364,-0.00037741721854304635,0.00095472244749796357
Coef_365,0.00040649337748344371,0.00095137483557781349
Coef_366,0.0007727913907284768,0.0011507531047700028
Coef_367,0.00069804966887417215,0.0016450019910362222
Coef_368,-0.0003798774834437086,0.0013475385291852326
Coef_369,-0.00067223178807947019,0.0018613458011093476
Coef_370,-0.00030473841059602645,0.0010496922512334081
Coef_371,0.00026786423841059599,0.001379697859516911
Coef_372,-0.00019250331125827814,0.0013223167451455597
Coef_373,6.6870860927152297e-05,0.0013353613891432126
Coef_374,0.00033107284768211918,0.0011767246556535715
Coef_375,-0.00050965231788079458,0.0016751637090042352
Coef_376,0.00020064569536423839,0.0014948654561812976
Coef_377,0.00032093046357615894,0.0014041622723950625
Coef_378,0.00073138079470198673,0.0016434994980311091
Coef_379,-0.001748503311258278,0.0013690972874267798
Coef_380,-0.00030296357615894039,0.0013678962537140597
Coef_381,-0.0013792847682119204,0.0019844451653475595
Coef_382,0.0014231854304635762,0.0014906445288233232
Coef_383,-0.00013099668874172186,0.0013264772384882623
Coef_384,-0.00016262582781456951,0.0018719597291461281
Coef_385,0.00079599999999999994,0.0014360909829318886
Coef_386,-0.00021027814569536424,0.0013866594675429015
Coef_387,-0.0010716192052980132,0.0018047603051288847
Coef_388,-0.0012355298013245035,0.0015003289630798481
Coef_389,2.0000000000000005e-05,0.0014981194901016797
Coef_390,-0.00040769536423841061,0.0018401027360945049
Coef_391,0.0011964172185430465,0.0014861337450067852
Coef_392,-0.00055290728476821188,0.0015090383756612869
Coef_393,0.0014730165562913907,0.0018340645078434911
Coef_394,-0.0006854006622516556,0.0015518387134138304
Coef_395,-0.00035432781456953637,0.0015672139308723584
Coef_396,0.00087927814569536424,0.0017385016657571169
Coef_397,-8.6158940397350984e-06,0.0018887767226678093
Coef_398,0.0003920794701986755,0.0017706475637486391
Coef_399,0.00051001324503311253,0.002115784200073704
Coef_400,0.0016620496688741718,0.0016008277311082917
Coef_401,-0.00080725827814569532,0.0015248674612411408
Coef_402,0.0019495529801324503,0.0020175422024294393
Coef_403,-0.00070296688741721845,0.0020617180706578352
Coef_404,-0.0015411821192052981,0.0016833474504742109
Coef_405,-0.0011812350993377484,0.0020262289920371808
Coef_406,-0.00048717218543046348,0.0019296115941108492
Coef_407,0.00084598344370860937,0.0018233673082474339
Coef_408,-0.0016343774834437085,0.0019578059545111957
Coef_409,-0.0013368576158940397,0.0020162205618183128
Coef_410,0.0002213940397350993,0.0018056355195611598
Coef_411,0.0005808013245033113,0.0022049991320743363
Coef_412,-0.0011766655629139075,0.0020908134267559192
Coef_413,0.00033830132450331127,0.0017311529132932027
Coef_414,-0.0012502549668874173,0.0021684657799848715
Coef_415,0.0016335165562913908,0.0022331654555165954
Coef_416,0.0025702947019867551,0.002165439337809656
Coef_417,-0.0012463443708609272,0.002054408888563499
Coef_418,0.0004202682119205298,0.0022856134056272281
Coef_419,0.00040136754966887424,0.0021698031178439335
Coef_420,-0.00077623509933774832,0.0020311984378033878
Coef_421,0.00010713245033112585,0.0029318804572440352
Coef_422,0.0015036324503311257,0.0026900715777436225
Coef_423,0.0022216258278145691,0.0022715756855307538
Coef_424,0.002264592715231788,0.0027109404583199911
Coef_425,-0.0016082119205298013,0.0027060579589033187
Coef_426,0.0019038874172185433,0.002313092533124284
Coef_427,-0.0011149933774834437,0.0036246197589964017
Coef_428,-0.0040466986754966886,0.0041000282197298388
Coef_429,0.0015314536423841059,0.0024592973454386183
Coef_430,-0.0013343940397350994,0.0040798907725077167
Coef_431,0.0028536192052980133,0.0040918893995691838
Coef_432,-0.0011623609271523179,0.0025484382567642358
Coef_433,0.00028648344370860927,0.00073175518247353916
Coef_434,0.00023010264900662252,0.00083197274896843561
Coef_435,-0.00068023509933774827,0.0010116504616955559
Coef_436,-0.0003377847682119205,0.0014133347524735425
Coef_437,0.00027064900662251658,0.0011302568172013559
Coef_438,-0.00047592384105960261,0.0015802403468467906
Coef_439,0.00015324503311258279,0.00092665346021207531
Coef_440,-0.00037730132450331124,0.0011705605234266479
Coef_441,0.00060115894039735099,0.0011718618716645443
Coef_442,-0.00045587748344370861,0.0011178014526912639
Coef_443,-0.00026767549668874172,0.0011904895762338459
Coef_444,0.00088741059602648993,0.001457000664849254
Coef_445,-0.00084674834437086096,0.0013813166922248905
Coef_446,-0.00031279801324503309,0.0013305693830245797
Coef_447,-7.9814569536423873e-05,0.0015121103029423976
Coef_448,0.00054402980132450319,0.0011812625313561982
Coef_449,-9.1566225165562909e-05,0.0012347620117847318
Coef_450,0.00048797350993377484,0.0014015193645111011
Coef_451,-0.00032653642384105963,0.0012347482772921583
Coef_452,0.00033022516556291387,0.0011863236588185598
Coef_453,-0.00031140728476821187,0.0015917965473094865
Coef_454,-0.0002282814569536424,0.0012351011126747185
Coef_455,-0.00056965231788079463,0.0011463853478966446
Coef_456,0.00070189403973509943,0.0017801820583743259
Coef_457,0.00075519867549668875,0.00117947830548545
Coef_458,-0.0012077516556291391,0.0013020097561894422
Coef_459,0.00068488741721854304,0.0016508712371441185
Coef_460,6.36158940397351e-05,0.0013591800769587833
Coef_461,-0.0001445695364238411,0.0013613579630070965
Coef_462,-0.001127003311258278,0.0016131245512575371
Coef_463,-5.626821192052978e-05,0.0012920041022565665
Coef_464,-9.6870860927152322e-05,0.0013419173516604286
Coef_465,-0.00029737417218543045,0.001641653185416222
Coef_466,0.00026030132450331127,0.0014434478402359017
Coef_467,0.001192430463576159,0.0013554992384955577
Coef_468,-0.00037264569536423842,0.0016388510644821629
Coef_469,1.145695364238422e-06,0.0014549258709745797
Coef_470,-0.00037125827814569535,0.0012893416435102647
Coef_471,-0.00067431456953642374,0.0016223004608123511
Coef_472,-0.00040956622516556294,0.0014494095876938981
Coef_473,0.00060128476821192051,0.0014574307038948404
Coef_474,-0.00040893377483443711,0.0019186062482988997
Coef_475,0.00069648344370860926,0.0016620547657727398
Coef_476,0.00034964900662251655,0.001448165135925323
Coef_477,0.00061508609271523169,0.0016954007416263713
Coef_478,0.0012353145695364238,0.0017524543915387613
Coef_479,-0.0016681920529801324,0.0017144279999723416
Coef_480,-0.00038936754966887422,0.0018150472547822745
Coef_481,0.00012308609271523179,0.0017530886327215313
Coef_482,-0.00035690728476821189,0.0016887531916764105
Coef_483,-0.00034011258278145693,0.0018186918704869851
Coef_484,0.0010511258278145695,0.0019885925946121212
Coef_485,-0.00089904966887417216,0.001610884759830303
Coef_486,0.0011109867549668874,0.0017936704976469911
Coef_487,-0.00091749668874172182,0.0018539942986051921
Coef_488,-0.000471341059602649,0.0016412532966237562
Coef_489,0.00072041059602649009,0.0019653253316500741
Coef_490,-0.0012619403973509935,0.0019962327291752095
Coef_491,-1.6771523178807971e-05,0.0022803104262032661
Coef_492,8.303973509933774e-05,0.0018821710459209708
Coef_493,-0.00034899337748344372,0.0020162802253099665
Coef_494,0.0017473940397350993,0.0018237979622163041
Coef_495,-0.0015145960264900664,0.0017077118445716103
Coef_496,-0.0025031754966887421,0.0025361320105943179
Coef_497,0.0024457615894039734,0.0024874518630467924
Coef_498,-0.00090819867549668868,0.0018732746552596021
Coef_499,0.00034419205298013254,0.0030257642682179095
Coef_500,0.00078468543046357616,0.0027934461953077099
Coef_501,0.00080450993377483449,0.0020635799757039914
Coef_502,0.0035931158940397351,0.0035119793653618629
Coef_503,-0.0019088609271523179,0.0036444105211795104
Coef_504,-0.00015401986754966888,0.0020247388580540179
Coef_505,-0.00057036423841059602,0.0038718528060992441
Coef_506,-0.0025206953642384106,0.0036678970218404707
Coef_507,0.00070718874172185438,0.0017424085543685864
