Protocol,Cohort,Side,Model,OptunaTrials,BestTrial,BestOOF_BalancedAccuracy_0_5,OOF_BalancedAccuracy_Tuned,Threshold,BestParams,StudyDir
coef_plsda,All_coef,left,SVM,10,6,0.8401127668143376,0.8375453080950463,0.375,"{""C"": 0.0016646452049870533, ""activation"": ""relu"", ""batch_size"": 8, ""dropout"": 0.2350460685614512, ""gamma_mode"": ""scale"", ""kernel"": ""linear"", ""lr"": 0.00010239273411172726, ""pls_components"": 8, ""weight_decay"": 0.00011040511903162256}",C:\Users\IHCK\Desktop\17-9-2569\Hippocampal-Shape-Analysis-for-Epilepsy-Detection\Model\architecture_optuna_current_spharm_80_20_20260922\studies\coef_plsda\All_coef\left\SVM
coef_plsda,All_coef,left,MLP,10,4,0.8654349577124446,0.8440142972211035,0.5,"{""activation"": ""relu"", ""batch_size"": 8, ""dropout"": 0.23007332881069884, ""hidden_widths"": [32, 32], ""lr"": 0.0018832519048593583, ""mlp_depth"": 2, ""mlp_width"": 32, ""pls_components"": 2, ""weight_decay"": 0.0003113095956122125}",C:\Users\IHCK\Desktop\17-9-2569\Hippocampal-Shape-Analysis-for-Epilepsy-Detection\Model\architecture_optuna_current_spharm_80_20_20260922\studies\coef_plsda\All_coef\left\MLP
coef_plsda,All_coef,left,ResNet,10,0,0.6552809101892871,0.6636125654450262,0.475,"{""activation"": ""gelu"", ""base_channels"": 64, ""batch_size"": 8, ""dropout"": 0.16239780813448107, ""kernel_size"": 7, ""lr"": 0.0003574712922600243, ""pls_components"": 8, ""pool_size"": 8, ""residual_blocks"": 1, ""weight_decay"": 0.006351221010640704}",C:\Users\IHCK\Desktop\17-9-2569\Hippocampal-Shape-Analysis-for-Epilepsy-Detection\Model\architecture_optuna_current_spharm_80_20_20260922\studies\coef_plsda\All_coef\left\ResNet
coef_plsda,All_coef,left,ResNetAE,10,0,0.684127064035441,0.625729963753524,0.345,"{""activation"": ""gelu"", ""base_channels"": 64, ""batch_size"": 8, ""bottleneck"": 16, ""dropout"": 0.16239780813448107, ""kernel_size"": 7, ""lr"": 0.0003574712922600243, ""pls_components"": 8, ""pool_size"": 8, ""recon_weight"": 0.009290082543999545, ""residual_blocks"": 1, ""weight_decay"": 0.006351221010640704}",C:\Users\IHCK\Desktop\17-9-2569\Hippocampal-Shape-Analysis-for-Epilepsy-Detection\Model\architecture_optuna_current_spharm_80_20_20260922\studies\coef_plsda\All_coef\left\ResNetAE
coef_plsda,All_coef,left,MobileNet,10,2,0.6010622231171969,0.6300594039468386,0.41000000000000003,"{""activation"": ""gelu"", ""batch_size"": 8, ""depth_multiplier"": 1, ""dropout"": 0.4579309401710595, ""kernel_size"": 3, ""lr"": 0.000642033033629786, ""pls_components"": 24, ""pool_size"": 1, ""weight_decay"": 5.4880470007660465e-06, ""width_multiplier"": 1.5}",C:\Users\IHCK\Desktop\17-9-2569\Hippocampal-Shape-Analysis-for-Epilepsy-Detection\Model\architecture_optuna_current_spharm_80_20_20260922\studies\coef_plsda\All_coef\left\MobileNet
coef_plsda,All_coef,left,SqueezeNet,10,0,0.523610551751913,0.5831655255739026,0.41500000000000004,"{""activation"": ""gelu"", ""batch_size"": 8, ""dropout"": 0.16239780813448107, ""fire_blocks"": 3, ""kernel_size"": 5, ""lr"": 0.0003574712922600243, ""pls_components"": 8, ""pool_size"": 4, ""squeeze_ratio"": 4, ""squeeze_width"": 32, ""weight_decay"": 0.006351221010640704}",C:\Users\IHCK\Desktop\17-9-2569\Hippocampal-Shape-Analysis-for-Epilepsy-Detection\Model\architecture_optuna_current_spharm_80_20_20260922\studies\coef_plsda\All_coef\left\SqueezeNet
coef_plsda,All_coef,right,SVM,10,6,0.8446784922394679,0.8670177383592017,0.2,"{""C"": 0.0016646452049870533, ""activation"": ""relu"", ""batch_size"": 8, ""dropout"": 0.2350460685614512, ""gamma_mode"": ""scale"", ""kernel"": ""linear"", ""lr"": 0.00010239273411172726, ""pls_components"": 8, ""weight_decay"": 0.00011040511903162256}",C:\Users\IHCK\Desktop\17-9-2569\Hippocampal-Shape-Analysis-for-Epilepsy-Detection\Model\architecture_optuna_current_spharm_80_20_20260922\studies\coef_plsda\All_coef\right\SVM
coef_plsda,All_coef,right,MLP,10,4,0.8514966740576497,0.8606984478935699,0.41000000000000003,"{""activation"": ""relu"", ""batch_size"": 8, ""dropout"": 0.23007332881069884, ""hidden_widths"": [32, 32], ""lr"": 0.0018832519048593583, ""mlp_depth"": 2, ""mlp_width"": 32, ""pls_components"": 2, ""weight_decay"": 0.0003113095956122125}",C:\Users\IHCK\Desktop\17-9-2569\Hippocampal-Shape-Analysis-for-Epilepsy-Detection\Model\architecture_optuna_current_spharm_80_20_20260922\studies\coef_plsda\All_coef\right\MLP
coef_plsda,All_coef,right,ResNet,10,0,0.6465631929046562,0.6943458980044346,0.315,"{""activation"": ""gelu"", ""base_channels"": 64, ""batch_size"": 8, ""dropout"": 0.16239780813448107, ""kernel_size"": 7, ""lr"": 0.0003574712922600243, ""pls_components"": 8, ""pool_size"": 8, ""residual_blocks"": 1, ""weight_decay"": 0.006351221010640704}",C:\Users\IHCK\Desktop\17-9-2569\Hippocampal-Shape-Analysis-for-Epilepsy-Detection\Model\architecture_optuna_current_spharm_80_20_20260922\studies\coef_plsda\All_coef\right\ResNet
coef_plsda,All_coef,right,ResNetAE,10,0,0.6603104212860311,0.6917405764966741,0.375,"{""activation"": ""gelu"", ""base_channels"": 64, ""batch_size"": 8, ""bottleneck"": 16, ""dropout"": 0.16239780813448107, ""kernel_size"": 7, ""lr"": 0.0003574712922600243, ""pls_components"": 8, ""pool_size"": 8, ""recon_weight"": 0.009290082543999545, ""residual_blocks"": 1, ""weight_decay"": 0.006351221010640704}",C:\Users\IHCK\Desktop\17-9-2569\Hippocampal-Shape-Analysis-for-Epilepsy-Detection\Model\architecture_optuna_current_spharm_80_20_20260922\studies\coef_plsda\All_coef\right\ResNetAE
coef_plsda,All_coef,right,MobileNet,10,9,0.6420177383592018,0.6266075388026607,0.25,"{""activation"": ""gelu"", ""batch_size"": 16, ""depth_multiplier"": 1, ""dropout"": 0.32732344133418867, ""kernel_size"": 3, ""lr"": 0.000302450850735014, ""pls_components"": 6, ""pool_size"": 4, ""weight_decay"": 0.0009682012086882475, ""width_multiplier"": 1.0}",C:\Users\IHCK\Desktop\17-9-2569\Hippocampal-Shape-Analysis-for-Epilepsy-Detection\Model\architecture_optuna_current_spharm_80_20_20260922\studies\coef_plsda\All_coef\right\MobileNet
coef_plsda,All_coef,right,SqueezeNet,10,0,0.5,0.532760532150776,0.265,"{""activation"": ""gelu"", ""batch_size"": 8, ""dropout"": 0.16239780813448107, ""fire_blocks"": 3, ""kernel_size"": 5, ""lr"": 0.0003574712922600243, ""pls_components"": 8, ""pool_size"": 4, ""squeeze_ratio"": 4, ""squeeze_width"": 32, ""weight_decay"": 0.006351221010640704}",C:\Users\IHCK\Desktop\17-9-2569\Hippocampal-Shape-Analysis-for-Epilepsy-Detection\Model\architecture_optuna_current_spharm_80_20_20260922\studies\coef_plsda\All_coef\right\SqueezeNet
coef_plsda,All_coef_Ds004469,left,SVM,10,8,0.5095389507154213,0.5294117647058824,0.795,"{""C"": 1.506272232520005, ""activation"": ""gelu"", ""batch_size"": 16, ""dropout"": 0.37637509524098645, ""gamma"": 0.031775345821188294, ""gamma_mode"": ""numeric"", ""kernel"": ""linear"", ""lr"": 0.00010580403601696646, ""pls_components"": 8, ""weight_decay"": 0.0001117820920069873}",C:\Users\IHCK\Desktop\17-9-2569\Hippocampal-Shape-Analysis-for-Epilepsy-Detection\Model\architecture_optuna_current_spharm_80_20_20260922\studies\coef_plsda\All_coef_Ds004469\left\SVM
coef_plsda,All_coef_Ds004469,left,MLP,10,5,0.5461049284578696,0.5389507154213037,0.505,"{""activation"": ""gelu"", ""batch_size"": 32, ""dropout"": 0.19971689165954998, ""hidden_widths"": [128, 128, 128], ""lr"": 0.00011128194768838959, ""mlp_depth"": 3, ""mlp_width"": 128, ""pls_components"": 12, ""weight_decay"": 0.00035127047262708476}",C:\Users\IHCK\Desktop\17-9-2569\Hippocampal-Shape-Analysis-for-Epilepsy-Detection\Model\architecture_optuna_current_spharm_80_20_20260922\studies\coef_plsda\All_coef_Ds004469\left\MLP
coef_plsda,All_coef_Ds004469,left,ResNet,10,6,0.6224165341812401,0.6478537360890302,0.35,"{""activation"": ""gelu"", ""base_channels"": 16, ""batch_size"": 32, ""dropout"": 0.19682210860460017, ""kernel_size"": 7, ""lr"": 0.0021959317857485673, ""pls_components"": 4, ""pool_size"": 8, ""residual_blocks"": 1, ""weight_decay"": 9.083381663660597e-06}",C:\Users\IHCK\Desktop\17-9-2569\Hippocampal-Shape-Analysis-for-Epilepsy-Detection\Model\architecture_optuna_current_spharm_80_20_20260922\studies\coef_plsda\All_coef_Ds004469\left\ResNet
coef_plsda,All_coef_Ds004469,left,ResNetAE,10,8,0.6383147853736089,0.6232114467408585,0.25,"{""activation"": ""gelu"", ""base_channels"": 32, ""batch_size"": 8, ""bottleneck"": 16, ""dropout"": 0.4713274250350902, ""kernel_size"": 7, ""lr"": 0.0024500297851058135, ""pls_components"": 2, ""pool_size"": 8, ""recon_weight"": 0.058718368852898675, ""residual_blocks"": 3, ""weight_decay"": 0.006542056762893132}",C:\Users\IHCK\Desktop\17-9-2569\Hippocampal-Shape-Analysis-for-Epilepsy-Detection\Model\architecture_optuna_current_spharm_80_20_20260922\studies\coef_plsda\All_coef_Ds004469\left\ResNetAE
coef_plsda,All_coef_Ds004469,left,MobileNet,10,5,0.6248012718600954,0.6112877583465819,0.42000000000000004,"{""activation"": ""gelu"", ""batch_size"": 8, ""depth_multiplier"": 2, ""dropout"": 0.27084311545050255, ""kernel_size"": 3, ""lr"": 0.001558428978238547, ""pls_components"": 24, ""pool_size"": 4, ""weight_decay"": 0.003840300419098858, ""width_multiplier"": 1.5}",C:\Users\IHCK\Desktop\17-9-2569\Hippocampal-Shape-Analysis-for-Epilepsy-Detection\Model\architecture_optuna_current_spharm_80_20_20260922\studies\coef_plsda\All_coef_Ds004469\left\MobileNet
coef_plsda,All_coef_Ds004469,left,SqueezeNet,10,4,0.5230524642289348,0.5,0.505,"{""activation"": ""gelu"", ""batch_size"": 32, ""dropout"": 0.4232481518257668, ""fire_blocks"": 4, ""kernel_size"": 3, ""lr"": 0.00021775224101934097, ""pls_components"": 16, ""pool_size"": 8, ""squeeze_ratio"": 2, ""squeeze_width"": 32, ""weight_decay"": 2.031980983842497e-06}",C:\Users\IHCK\Desktop\17-9-2569\Hippocampal-Shape-Analysis-for-Epilepsy-Detection\Model\architecture_optuna_current_spharm_80_20_20260922\studies\coef_plsda\All_coef_Ds004469\left\SqueezeNet
coef_plsda,All_coef_Ds004469,right,SVM,10,0,0.5844155844155844,0.5227272727272727,0.515,"{""C"": 1.40779231399724, ""activation"": ""gelu"", ""batch_size"": 8, ""dropout"": 0.16239780813448107, ""gamma"": 4.982752357076453e-06, ""gamma_mode"": ""numeric"", ""kernel"": ""rbf"", ""lr"": 0.0003574712922600243, ""pls_components"": 8, ""weight_decay"": 0.006351221010640704}",C:\Users\IHCK\Desktop\17-9-2569\Hippocampal-Shape-Analysis-for-Epilepsy-Detection\Model\architecture_optuna_current_spharm_80_20_20260922\studies\coef_plsda\All_coef_Ds004469\right\SVM
coef_plsda,All_coef_Ds004469,right,MLP,10,2,0.6244588744588744,0.6829004329004329,0.17,"{""activation"": ""gelu"", ""batch_size"": 16, ""dropout"": 0.36500891374159283, ""hidden_widths"": [256, 256, 256], ""lr"": 0.00015144860262751404, ""mlp_depth"": 3, ""mlp_width"": 256, ""pls_components"": 6, ""weight_decay"": 9.565499215943819e-05}",C:\Users\IHCK\Desktop\17-9-2569\Hippocampal-Shape-Analysis-for-Epilepsy-Detection\Model\architecture_optuna_current_spharm_80_20_20260922\studies\coef_plsda\All_coef_Ds004469\right\MLP
coef_plsda,All_coef_Ds004469,right,ResNet,10,8,0.6222943722943723,0.7543290043290043,0.23,"{""activation"": ""gelu"", ""base_channels"": 64, ""batch_size"": 16, ""dropout"": 0.10367882064665186, ""kernel_size"": 5, ""lr"": 0.0008878888265538121, ""pls_components"": 24, ""pool_size"": 4, ""residual_blocks"": 2, ""weight_decay"": 2.170500348871115e-06}",C:\Users\IHCK\Desktop\17-9-2569\Hippocampal-Shape-Analysis-for-Epilepsy-Detection\Model\architecture_optuna_current_spharm_80_20_20260922\studies\coef_plsda\All_coef_Ds004469\right\ResNet
coef_plsda,All_coef_Ds004469,right,ResNetAE,10,8,0.6222943722943723,0.5768398268398268,0.49,"{""activation"": ""gelu"", ""base_channels"": 32, ""batch_size"": 8, ""bottleneck"": 16, ""dropout"": 0.4713274250350902, ""kernel_size"": 7, ""lr"": 0.0024500297851058135, ""pls_components"": 2, ""pool_size"": 8, ""recon_weight"": 0.058718368852898675, ""residual_blocks"": 3, ""weight_decay"": 0.006542056762893132}",C:\Users\IHCK\Desktop\17-9-2569\Hippocampal-Shape-Analysis-for-Epilepsy-Detection\Model\architecture_optuna_current_spharm_80_20_20260922\studies\coef_plsda\All_coef_Ds004469\right\ResNetAE
coef_plsda,All_coef_Ds004469,right,MobileNet,10,2,0.5454545454545454,0.6179653679653679,0.38,"{""activation"": ""gelu"", ""batch_size"": 8, ""depth_multiplier"": 1, ""dropout"": 0.4579309401710595, ""kernel_size"": 3, ""lr"": 0.000642033033629786, ""pls_components"": 24, ""pool_size"": 1, ""weight_decay"": 5.4880470007660465e-06, ""width_multiplier"": 1.5}",C:\Users\IHCK\Desktop\17-9-2569\Hippocampal-Shape-Analysis-for-Epilepsy-Detection\Model\architecture_optuna_current_spharm_80_20_20260922\studies\coef_plsda\All_coef_Ds004469\right\MobileNet
coef_plsda,All_coef_Ds004469,right,SqueezeNet,10,8,0.5097402597402597,0.5541125541125541,0.45000000000000007,"{""activation"": ""gelu"", ""batch_size"": 16, ""dropout"": 0.32732344133418867, ""fire_blocks"": 2, ""kernel_size"": 3, ""lr"": 0.000302450850735014, ""pls_components"": 6, ""pool_size"": 4, ""squeeze_ratio"": 2, ""squeeze_width"": 16, ""weight_decay"": 0.0009682012086882475}",C:\Users\IHCK\Desktop\17-9-2569\Hippocampal-Shape-Analysis-for-Epilepsy-Detection\Model\architecture_optuna_current_spharm_80_20_20260922\studies\coef_plsda\All_coef_Ds004469\right\SqueezeNet
coef_plsda,All_coef_Ds005602,left,SVM,10,5,0.8878190774742498,0.8963278101209136,0.335,"{""C"": 0.004574162058025036, ""activation"": ""relu"", ""batch_size"": 32, ""dropout"": 0.16448851490160177, ""gamma"": 0.020121155449063854, ""gamma_mode"": ""numeric"", ""kernel"": ""linear"", ""lr"": 0.0004038176882071838, ""pls_components"": 12, ""weight_decay"": 0.001052457468133564}",C:\Users\IHCK\Desktop\17-9-2569\Hippocampal-Shape-Analysis-for-Epilepsy-Detection\Model\architecture_optuna_current_spharm_80_20_20260922\studies\coef_plsda\All_coef_Ds005602\left\SVM
coef_plsda,All_coef_Ds005602,left,MLP,10,4,0.8935662039110315,0.9115539632781011,0.53,"{""activation"": ""relu"", ""batch_size"": 8, ""dropout"": 0.23007332881069884, ""hidden_widths"": [32, 32], ""lr"": 0.0018832519048593583, ""mlp_depth"": 2, ""mlp_width"": 32, ""pls_components"": 2, ""weight_decay"": 0.0003113095956122125}",C:\Users\IHCK\Desktop\17-9-2569\Hippocampal-Shape-Analysis-for-Epilepsy-Detection\Model\architecture_optuna_current_spharm_80_20_20260922\studies\coef_plsda\All_coef_Ds005602\left\MLP
coef_plsda,All_coef_Ds005602,left,ResNet,10,2,0.6157635467980296,0.5865054485744141,0.475,"{""activation"": ""gelu"", ""base_channels"": 64, ""batch_size"": 8, ""dropout"": 0.4687496940092467, ""kernel_size"": 5, ""lr"": 0.0027051668818999287, ""pls_components"": 12, ""pool_size"": 4, ""residual_blocks"": 1, ""weight_decay"": 0.001260466458564947}",C:\Users\IHCK\Desktop\17-9-2569\Hippocampal-Shape-Analysis-for-Epilepsy-Detection\Model\architecture_optuna_current_spharm_80_20_20260922\studies\coef_plsda\All_coef_Ds005602\left\ResNet
coef_plsda,All_coef_Ds005602,left,ResNetAE,10,6,0.6574488729661143,0.6640170174652933,0.39,"{""activation"": ""relu"", ""base_channels"": 64, ""batch_size"": 8, ""bottleneck"": 64, ""dropout"": 0.3639936184136716, ""kernel_size"": 3, ""lr"": 0.0003190041672417553, ""pls_components"": 12, ""pool_size"": 4, ""recon_weight"": 0.03216161028349973, ""residual_blocks"": 1, ""weight_decay"": 2.843767489444368e-06}",C:\Users\IHCK\Desktop\17-9-2569\Hippocampal-Shape-Analysis-for-Epilepsy-Detection\Model\architecture_optuna_current_spharm_80_20_20260922\studies\coef_plsda\All_coef_Ds005602\left\ResNetAE
coef_plsda,All_coef_Ds005602,left,MobileNet,10,7,0.6297208538587848,0.6328183310941932,0.395,"{""activation"": ""relu"", ""batch_size"": 8, ""depth_multiplier"": 3, ""dropout"": 0.1905983100791752, ""kernel_size"": 3, ""lr"": 0.00011487613841748918, ""pls_components"": 6, ""pool_size"": 8, ""weight_decay"": 0.00023097861492693574, ""width_multiplier"": 0.5}",C:\Users\IHCK\Desktop\17-9-2569\Hippocampal-Shape-Analysis-for-Epilepsy-Detection\Model\architecture_optuna_current_spharm_80_20_20260922\studies\coef_plsda\All_coef_Ds005602\left\MobileNet
coef_plsda,All_coef_Ds005602,left,SqueezeNet,10,0,0.5427302582474997,0.5643006418868488,0.48,"{""activation"": ""gelu"", ""batch_size"": 8, ""dropout"": 0.16239780813448107, ""fire_blocks"": 3, ""kernel_size"": 5, ""lr"": 0.0003574712922600243, ""pls_components"": 8, ""pool_size"": 4, ""squeeze_ratio"": 4, ""squeeze_width"": 32, ""weight_decay"": 0.006351221010640704}",C:\Users\IHCK\Desktop\17-9-2569\Hippocampal-Shape-Analysis-for-Epilepsy-Detection\Model\architecture_optuna_current_spharm_80_20_20260922\studies\coef_plsda\All_coef_Ds005602\left\SqueezeNet
coef_plsda,All_coef_Ds005602,right,SVM,10,6,0.8874030701060294,0.8860183573350213,0.38,"{""C"": 0.0016646452049870533, ""activation"": ""relu"", ""batch_size"": 8, ""dropout"": 0.2350460685614512, ""gamma_mode"": ""scale"", ""kernel"": ""linear"", ""lr"": 0.00010239273411172726, ""pls_components"": 8, ""weight_decay"": 0.00011040511903162256}",C:\Users\IHCK\Desktop\17-9-2569\Hippocampal-Shape-Analysis-for-Epilepsy-Detection\Model\architecture_optuna_current_spharm_80_20_20260922\studies\coef_plsda\All_coef_Ds005602\right\SVM
coef_plsda,All_coef_Ds005602,right,MLP,10,7,0.9000633011552461,0.8789761038138946,0.495,"{""activation"": ""relu"", ""batch_size"": 8, ""dropout"": 0.11475477894181313, ""hidden_widths"": [64], ""lr"": 0.0026402883285404338, ""mlp_depth"": 1, ""mlp_width"": 64, ""pls_components"": 24, ""weight_decay"": 1.0165510266418738e-05}",C:\Users\IHCK\Desktop\17-9-2569\Hippocampal-Shape-Analysis-for-Epilepsy-Detection\Model\architecture_optuna_current_spharm_80_20_20260922\studies\coef_plsda\All_coef_Ds005602\right\MLP
coef_plsda,All_coef_Ds005602,right,ResNet,10,0,0.6972622250356069,0.7524924829878146,0.27,"{""activation"": ""gelu"", ""base_channels"": 64, ""batch_size"": 8, ""dropout"": 0.16239780813448107, ""kernel_size"": 7, ""lr"": 0.0003574712922600243, ""pls_components"": 8, ""pool_size"": 8, ""residual_blocks"": 1, ""weight_decay"": 0.006351221010640704}",C:\Users\IHCK\Desktop\17-9-2569\Hippocampal-Shape-Analysis-for-Epilepsy-Detection\Model\architecture_optuna_current_spharm_80_20_20260922\studies\coef_plsda\All_coef_Ds005602\right\ResNet
coef_plsda,All_coef_Ds005602,right,ResNetAE,10,0,0.7353220446273145,0.7384079759455611,0.255,"{""activation"": ""gelu"", ""base_channels"": 64, ""batch_size"": 8, ""bottleneck"": 16, ""dropout"": 0.16239780813448107, ""kernel_size"": 7, ""lr"": 0.0003574712922600243, ""pls_components"": 8, ""pool_size"": 8, ""recon_weight"": 0.009290082543999545, ""residual_blocks"": 1, ""weight_decay"": 0.006351221010640704}",C:\Users\IHCK\Desktop\17-9-2569\Hippocampal-Shape-Analysis-for-Epilepsy-Detection\Model\architecture_optuna_current_spharm_80_20_20260922\studies\coef_plsda\All_coef_Ds005602\right\ResNetAE
coef_plsda,All_coef_Ds005602,right,MobileNet,10,1,0.629688241810413,0.6793400854565596,0.345,"{""activation"": ""relu"", ""batch_size"": 32, ""depth_multiplier"": 1, ""dropout"": 0.1185801650879991, ""kernel_size"": 3, ""lr"": 0.000471705203762518, ""pls_components"": 6, ""pool_size"": 1, ""weight_decay"": 0.0013826232179369874, ""width_multiplier"": 1.5}",C:\Users\IHCK\Desktop\17-9-2569\Hippocampal-Shape-Analysis-for-Epilepsy-Detection\Model\architecture_optuna_current_spharm_80_20_20260922\studies\coef_plsda\All_coef_Ds005602\right\MobileNet
coef_plsda,All_coef_Ds005602,right,SqueezeNet,10,4,0.50858521918025,0.516774806140212,0.24000000000000002,"{""activation"": ""gelu"", ""batch_size"": 32, ""dropout"": 0.4232481518257668, ""fire_blocks"": 4, ""kernel_size"": 3, ""lr"": 0.00021775224101934097, ""pls_components"": 16, ""pool_size"": 8, ""squeeze_ratio"": 2, ""squeeze_width"": 32, ""weight_decay"": 2.031980983842497e-06}",C:\Users\IHCK\Desktop\17-9-2569\Hippocampal-Shape-Analysis-for-Epilepsy-Detection\Model\architecture_optuna_current_spharm_80_20_20260922\studies\coef_plsda\All_coef_Ds005602\right\SqueezeNet
