Protocol,Side,Model,Seed,TestAccuracy,TestBalancedAccuracy,TestSensitivity,TestSpecificity,TestF1Macro,TestROCAUC,TestPRAUC,RunDir
between_class,left,SVM,42,0.8378378378378378,0.813301282051282,0.7307692307692307,0.8958333333333334,0.8187755102040817,0.8774038461538461,0.8389113510745776,C:\Users\IHCK\Desktop\17-9-2569\Hippocampal-Shape-Analysis-for-Epilepsy-Detection\Model\optuna_pairwise_train_only_20260924\final\between_class\left\SVM\seed_42
between_class,left,SVM,123,0.8378378378378378,0.813301282051282,0.7307692307692307,0.8958333333333334,0.8187755102040817,0.8774038461538461,0.8389113510745776,C:\Users\IHCK\Desktop\17-9-2569\Hippocampal-Shape-Analysis-for-Epilepsy-Detection\Model\optuna_pairwise_train_only_20260924\final\between_class\left\SVM\seed_123
between_class,left,SVM,2026,0.8378378378378378,0.813301282051282,0.7307692307692307,0.8958333333333334,0.8187755102040817,0.8774038461538461,0.8389113510745776,C:\Users\IHCK\Desktop\17-9-2569\Hippocampal-Shape-Analysis-for-Epilepsy-Detection\Model\optuna_pairwise_train_only_20260924\final\between_class\left\SVM\seed_2026
between_class,left,MLP,42,0.7702702702702703,0.7612179487179487,0.7307692307692307,0.7916666666666666,0.75405669599218,0.858974358974359,0.8345245598616936,C:\Users\IHCK\Desktop\17-9-2569\Hippocampal-Shape-Analysis-for-Epilepsy-Detection\Model\optuna_pairwise_train_only_20260924\final\between_class\left\MLP\seed_42
between_class,left,MLP,123,0.8108108108108109,0.8100961538461539,0.8076923076923077,0.8125,0.798913043478261,0.8725961538461537,0.8453685779197376,C:\Users\IHCK\Desktop\17-9-2569\Hippocampal-Shape-Analysis-for-Epilepsy-Detection\Model\optuna_pairwise_train_only_20260924\final\between_class\left\MLP\seed_123
between_class,left,MLP,2026,0.7837837837837838,0.780448717948718,0.7692307692307693,0.7916666666666666,0.7701863354037266,0.8677884615384616,0.8583465852857675,C:\Users\IHCK\Desktop\17-9-2569\Hippocampal-Shape-Analysis-for-Epilepsy-Detection\Model\optuna_pairwise_train_only_20260924\final\between_class\left\MLP\seed_2026
between_class,left,ResNet,42,0.6081081081081081,0.5568910256410257,0.38461538461538464,0.7291666666666666,0.5576169861884148,0.5705128205128206,0.4367045213166416,C:\Users\IHCK\Desktop\17-9-2569\Hippocampal-Shape-Analysis-for-Epilepsy-Detection\Model\optuna_pairwise_train_only_20260924\final\between_class\left\ResNet\seed_42
between_class,left,ResNet,123,0.5675675675675675,0.5256410256410257,0.38461538461538464,0.6666666666666666,0.5256410256410257,0.5753205128205128,0.4166337243434698,C:\Users\IHCK\Desktop\17-9-2569\Hippocampal-Shape-Analysis-for-Epilepsy-Detection\Model\optuna_pairwise_train_only_20260924\final\between_class\left\ResNet\seed_123
between_class,left,ResNet,2026,0.6621621621621622,0.625,0.5,0.75,0.6260359814028704,0.7083333333333333,0.6065754612670348,C:\Users\IHCK\Desktop\17-9-2569\Hippocampal-Shape-Analysis-for-Epilepsy-Detection\Model\optuna_pairwise_train_only_20260924\final\between_class\left\ResNet\seed_2026
between_class,left,ResNetAE,42,0.581081081081081,0.5360576923076923,0.38461538461538464,0.6875,0.5362846169395593,0.6322115384615385,0.5271732008736026,C:\Users\IHCK\Desktop\17-9-2569\Hippocampal-Shape-Analysis-for-Epilepsy-Detection\Model\optuna_pairwise_train_only_20260924\final\between_class\left\ResNetAE\seed_42
between_class,left,ResNetAE,123,0.6351351351351351,0.5953525641025641,0.46153846153846156,0.7291666666666666,0.5961188599151002,0.5977564102564102,0.476735668839363,C:\Users\IHCK\Desktop\17-9-2569\Hippocampal-Shape-Analysis-for-Epilepsy-Detection\Model\optuna_pairwise_train_only_20260924\final\between_class\left\ResNetAE\seed_123
between_class,left,ResNetAE,2026,0.6486486486486487,0.5969551282051282,0.4230769230769231,0.7708333333333334,0.5991666666666666,0.6426282051282051,0.5153872984262099,C:\Users\IHCK\Desktop\17-9-2569\Hippocampal-Shape-Analysis-for-Epilepsy-Detection\Model\optuna_pairwise_train_only_20260924\final\between_class\left\ResNetAE\seed_2026
between_class,left,MobileNet,42,0.5945945945945946,0.5200320512820513,0.2692307692307692,0.7708333333333334,0.5148601398601399,0.5568910256410257,0.4051345647726845,C:\Users\IHCK\Desktop\17-9-2569\Hippocampal-Shape-Analysis-for-Epilepsy-Detection\Model\optuna_pairwise_train_only_20260924\final\between_class\left\MobileNet\seed_42
between_class,left,MobileNet,123,0.6891891891891891,0.6105769230769231,0.34615384615384615,0.875,0.6120355596079325,0.6610576923076923,0.547365652719568,C:\Users\IHCK\Desktop\17-9-2569\Hippocampal-Shape-Analysis-for-Epilepsy-Detection\Model\optuna_pairwise_train_only_20260924\final\between_class\left\MobileNet\seed_123
between_class,left,MobileNet,2026,0.6891891891891891,0.6370192307692308,0.46153846153846156,0.8125,0.6414577627975564,0.6466346153846154,0.5813749696367095,C:\Users\IHCK\Desktop\17-9-2569\Hippocampal-Shape-Analysis-for-Epilepsy-Detection\Model\optuna_pairwise_train_only_20260924\final\between_class\left\MobileNet\seed_2026
between_class,left,SqueezeNet,42,0.5945945945945946,0.6081730769230769,0.6538461538461539,0.5625,0.5870535714285714,0.5657051282051282,0.41775076825928015,C:\Users\IHCK\Desktop\17-9-2569\Hippocampal-Shape-Analysis-for-Epilepsy-Detection\Model\optuna_pairwise_train_only_20260924\final\between_class\left\SqueezeNet\seed_42
between_class,left,SqueezeNet,123,0.5540540540540541,0.515224358974359,0.38461538461538464,0.6458333333333334,0.514995034756703,0.5120192307692308,0.3955317702779656,C:\Users\IHCK\Desktop\17-9-2569\Hippocampal-Shape-Analysis-for-Epilepsy-Detection\Model\optuna_pairwise_train_only_20260924\final\between_class\left\SqueezeNet\seed_123
between_class,left,SqueezeNet,2026,0.6216216216216216,0.5673076923076923,0.38461538461538464,0.75,0.5683333333333332,0.532051282051282,0.4045611471738254,C:\Users\IHCK\Desktop\17-9-2569\Hippocampal-Shape-Analysis-for-Epilepsy-Detection\Model\optuna_pairwise_train_only_20260924\final\between_class\left\SqueezeNet\seed_2026
between_class,right,SVM,42,0.88,0.8545454545454545,0.8,0.9090909090909091,0.8489594987692997,0.8736363636363635,0.7564220485314573,C:\Users\IHCK\Desktop\17-9-2569\Hippocampal-Shape-Analysis-for-Epilepsy-Detection\Model\optuna_pairwise_train_only_20260924\final\between_class\right\SVM\seed_42
between_class,right,SVM,123,0.88,0.8545454545454545,0.8,0.9090909090909091,0.8489594987692997,0.8736363636363635,0.7564220485314573,C:\Users\IHCK\Desktop\17-9-2569\Hippocampal-Shape-Analysis-for-Epilepsy-Detection\Model\optuna_pairwise_train_only_20260924\final\between_class\right\SVM\seed_123
between_class,right,SVM,2026,0.88,0.8545454545454545,0.8,0.9090909090909091,0.8489594987692997,0.8736363636363635,0.7564220485314573,C:\Users\IHCK\Desktop\17-9-2569\Hippocampal-Shape-Analysis-for-Epilepsy-Detection\Model\optuna_pairwise_train_only_20260924\final\between_class\right\SVM\seed_2026
between_class,right,MLP,42,0.84,0.8272727272727273,0.8,0.8545454545454545,0.8070325900514579,0.8863636363636364,0.7669407567452116,C:\Users\IHCK\Desktop\17-9-2569\Hippocampal-Shape-Analysis-for-Epilepsy-Detection\Model\optuna_pairwise_train_only_20260924\final\between_class\right\MLP\seed_42
between_class,right,MLP,123,0.8533333333333334,0.8363636363636364,0.8,0.8727272727272727,0.8206911540969355,0.8972727272727272,0.7917778803440568,C:\Users\IHCK\Desktop\17-9-2569\Hippocampal-Shape-Analysis-for-Epilepsy-Detection\Model\optuna_pairwise_train_only_20260924\final\between_class\right\MLP\seed_123
between_class,right,MLP,2026,0.8666666666666667,0.8295454545454546,0.75,0.9090909090909091,0.8295454545454546,0.8872727272727273,0.817971103142006,C:\Users\IHCK\Desktop\17-9-2569\Hippocampal-Shape-Analysis-for-Epilepsy-Detection\Model\optuna_pairwise_train_only_20260924\final\between_class\right\MLP\seed_2026
between_class,right,ResNet,42,0.6933333333333334,0.6318181818181818,0.5,0.7636363636363637,0.625081504020865,0.6990909090909091,0.4094066554405714,C:\Users\IHCK\Desktop\17-9-2569\Hippocampal-Shape-Analysis-for-Epilepsy-Detection\Model\optuna_pairwise_train_only_20260924\final\between_class\right\ResNet\seed_42
between_class,right,ResNet,123,0.7733333333333333,0.6863636363636363,0.5,0.8727272727272727,0.6950490313322171,0.6918181818181819,0.5835994663051207,C:\Users\IHCK\Desktop\17-9-2569\Hippocampal-Shape-Analysis-for-Epilepsy-Detection\Model\optuna_pairwise_train_only_20260924\final\between_class\right\ResNet\seed_123
between_class,right,ResNet,2026,0.8266666666666667,0.7227272727272727,0.5,0.9454545454545454,0.7474747474747474,0.85,0.6875421471024641,C:\Users\IHCK\Desktop\17-9-2569\Hippocampal-Shape-Analysis-for-Epilepsy-Detection\Model\optuna_pairwise_train_only_20260924\final\between_class\right\ResNet\seed_2026
between_class,right,ResNetAE,42,0.68,0.6068181818181818,0.45,0.7636363636363637,0.6031746031746033,0.6263636363636365,0.481236833991499,C:\Users\IHCK\Desktop\17-9-2569\Hippocampal-Shape-Analysis-for-Epilepsy-Detection\Model\optuna_pairwise_train_only_20260924\final\between_class\right\ResNetAE\seed_42
between_class,right,ResNetAE,123,0.68,0.6068181818181818,0.45,0.7636363636363637,0.6031746031746033,0.6709090909090909,0.508162267207172,C:\Users\IHCK\Desktop\17-9-2569\Hippocampal-Shape-Analysis-for-Epilepsy-Detection\Model\optuna_pairwise_train_only_20260924\final\between_class\right\ResNetAE\seed_123
between_class,right,ResNetAE,2026,0.7066666666666667,0.625,0.45,0.8,0.6250000000000001,0.759090909090909,0.5519534475878144,C:\Users\IHCK\Desktop\17-9-2569\Hippocampal-Shape-Analysis-for-Epilepsy-Detection\Model\optuna_pairwise_train_only_20260924\final\between_class\right\ResNetAE\seed_2026
between_class,right,MobileNet,42,0.76,0.6931818181818181,0.55,0.8363636363636363,0.6931818181818181,0.8054545454545454,0.6715241893857855,C:\Users\IHCK\Desktop\17-9-2569\Hippocampal-Shape-Analysis-for-Epilepsy-Detection\Model\optuna_pairwise_train_only_20260924\final\between_class\right\MobileNet\seed_42
between_class,right,MobileNet,123,0.6933333333333334,0.5363636363636364,0.2,0.8727272727272727,0.5323936026023313,0.7518181818181818,0.4652442469263072,C:\Users\IHCK\Desktop\17-9-2569\Hippocampal-Shape-Analysis-for-Epilepsy-Detection\Model\optuna_pairwise_train_only_20260924\final\between_class\right\MobileNet\seed_123
between_class,right,MobileNet,2026,0.72,0.6181818181818182,0.4,0.8363636363636363,0.6232958622339153,0.7418181818181819,0.5054745834234007,C:\Users\IHCK\Desktop\17-9-2569\Hippocampal-Shape-Analysis-for-Epilepsy-Detection\Model\optuna_pairwise_train_only_20260924\final\between_class\right\MobileNet\seed_2026
between_class,right,SqueezeNet,42,0.7066666666666667,0.7363636363636363,0.8,0.6727272727272727,0.681712962962963,0.8227272727272728,0.615438580746664,C:\Users\IHCK\Desktop\17-9-2569\Hippocampal-Shape-Analysis-for-Epilepsy-Detection\Model\optuna_pairwise_train_only_20260924\final\between_class\right\SqueezeNet\seed_42
between_class,right,SqueezeNet,123,0.5733333333333334,0.6931818181818181,0.95,0.43636363636363634,0.5714285714285714,0.8281818181818181,0.6077987753580028,C:\Users\IHCK\Desktop\17-9-2569\Hippocampal-Shape-Analysis-for-Epilepsy-Detection\Model\optuna_pairwise_train_only_20260924\final\between_class\right\SqueezeNet\seed_123
between_class,right,SqueezeNet,2026,0.7733333333333333,0.7181818181818181,0.6,0.8363636363636363,0.7147012754531215,0.7845454545454547,0.5820753982871374,C:\Users\IHCK\Desktop\17-9-2569\Hippocampal-Shape-Analysis-for-Epilepsy-Detection\Model\optuna_pairwise_train_only_20260924\final\between_class\right\SqueezeNet\seed_2026
within_class,left,SVM,42,0.8513513513513513,0.8325320512820513,0.7692307692307693,0.8958333333333334,0.8354558318172629,0.889423076923077,0.8759539223586681,C:\Users\IHCK\Desktop\17-9-2569\Hippocampal-Shape-Analysis-for-Epilepsy-Detection\Model\optuna_pairwise_train_only_20260924\final\within_class\left\SVM\seed_42
within_class,left,SVM,123,0.8513513513513513,0.8325320512820513,0.7692307692307693,0.8958333333333334,0.8354558318172629,0.889423076923077,0.8759539223586681,C:\Users\IHCK\Desktop\17-9-2569\Hippocampal-Shape-Analysis-for-Epilepsy-Detection\Model\optuna_pairwise_train_only_20260924\final\within_class\left\SVM\seed_123
within_class,left,SVM,2026,0.8513513513513513,0.8325320512820513,0.7692307692307693,0.8958333333333334,0.8354558318172629,0.889423076923077,0.8759539223586681,C:\Users\IHCK\Desktop\17-9-2569\Hippocampal-Shape-Analysis-for-Epilepsy-Detection\Model\optuna_pairwise_train_only_20260924\final\within_class\left\SVM\seed_2026
within_class,left,MLP,42,0.8108108108108109,0.7836538461538461,0.6923076923076923,0.875,0.7885714285714285,0.8669871794871795,0.8416152300000026,C:\Users\IHCK\Desktop\17-9-2569\Hippocampal-Shape-Analysis-for-Epilepsy-Detection\Model\optuna_pairwise_train_only_20260924\final\within_class\left\MLP\seed_42
within_class,left,MLP,123,0.7567567567567568,0.750801282051282,0.7307692307692307,0.7708333333333334,0.7414596273291926,0.845352564102564,0.8386158506197324,C:\Users\IHCK\Desktop\17-9-2569\Hippocampal-Shape-Analysis-for-Epilepsy-Detection\Model\optuna_pairwise_train_only_20260924\final\within_class\left\MLP\seed_123
within_class,left,MLP,2026,0.7297297297297297,0.7299679487179487,0.7307692307692307,0.7291666666666666,0.7164750957854404,0.8357371794871795,0.803079501880804,C:\Users\IHCK\Desktop\17-9-2569\Hippocampal-Shape-Analysis-for-Epilepsy-Detection\Model\optuna_pairwise_train_only_20260924\final\within_class\left\MLP\seed_2026
within_class,left,ResNet,42,0.6756756756756757,0.6354166666666667,0.5,0.7708333333333334,0.6375510204081634,0.6674679487179487,0.5844567516492499,C:\Users\IHCK\Desktop\17-9-2569\Hippocampal-Shape-Analysis-for-Epilepsy-Detection\Model\optuna_pairwise_train_only_20260924\final\within_class\left\ResNet\seed_42
within_class,left,ResNet,123,0.7162162162162162,0.6666666666666667,0.5,0.8333333333333334,0.6726353486412472,0.624198717948718,0.5868307638608112,C:\Users\IHCK\Desktop\17-9-2569\Hippocampal-Shape-Analysis-for-Epilepsy-Detection\Model\optuna_pairwise_train_only_20260924\final\within_class\left\ResNet\seed_123
within_class,left,ResNet,2026,0.7297297297297297,0.6947115384615384,0.5769230769230769,0.8125,0.6979591836734693,0.7612179487179487,0.6760713549161668,C:\Users\IHCK\Desktop\17-9-2569\Hippocampal-Shape-Analysis-for-Epilepsy-Detection\Model\optuna_pairwise_train_only_20260924\final\within_class\left\ResNet\seed_2026
within_class,left,ResNetAE,42,0.6621621621621622,0.6073717948717948,0.4230769230769231,0.7916666666666666,0.6102801769538656,0.6338141025641025,0.5442877886267106,C:\Users\IHCK\Desktop\17-9-2569\Hippocampal-Shape-Analysis-for-Epilepsy-Detection\Model\optuna_pairwise_train_only_20260924\final\within_class\left\ResNetAE\seed_42
within_class,left,ResNetAE,123,0.6621621621621622,0.6073717948717948,0.4230769230769231,0.7916666666666666,0.6102801769538656,0.6097756410256411,0.5440253929509543,C:\Users\IHCK\Desktop\17-9-2569\Hippocampal-Shape-Analysis-for-Epilepsy-Detection\Model\optuna_pairwise_train_only_20260924\final\within_class\left\ResNetAE\seed_123
within_class,left,ResNetAE,2026,0.7162162162162162,0.6490384615384616,0.4230769230769231,0.875,0.655813953488372,0.6482371794871795,0.5355910551825994,C:\Users\IHCK\Desktop\17-9-2569\Hippocampal-Shape-Analysis-for-Epilepsy-Detection\Model\optuna_pairwise_train_only_20260924\final\within_class\left\ResNetAE\seed_2026
within_class,left,MobileNet,42,0.6351351351351351,0.577724358974359,0.38461538461538464,0.7708333333333334,0.5791025911101748,0.5841346153846154,0.4412230644117862,C:\Users\IHCK\Desktop\17-9-2569\Hippocampal-Shape-Analysis-for-Epilepsy-Detection\Model\optuna_pairwise_train_only_20260924\final\within_class\left\MobileNet\seed_42
within_class,left,MobileNet,123,0.7567567567567568,0.6979166666666667,0.5,0.8958333333333334,0.7089160839160839,0.7251602564102564,0.634175256087515,C:\Users\IHCK\Desktop\17-9-2569\Hippocampal-Shape-Analysis-for-Epilepsy-Detection\Model\optuna_pairwise_train_only_20260924\final\within_class\left\MobileNet\seed_123
within_class,left,MobileNet,2026,0.6216216216216216,0.5761217948717948,0.4230769230769231,0.7291666666666666,0.5771428571428571,0.655448717948718,0.59108738668971,C:\Users\IHCK\Desktop\17-9-2569\Hippocampal-Shape-Analysis-for-Epilepsy-Detection\Model\optuna_pairwise_train_only_20260924\final\within_class\left\MobileNet\seed_2026
within_class,left,SqueezeNet,42,0.6081081081081081,0.6009615384615384,0.5769230769230769,0.625,0.5913159398209864,0.6586538461538461,0.49867400675154405,C:\Users\IHCK\Desktop\17-9-2569\Hippocampal-Shape-Analysis-for-Epilepsy-Detection\Model\optuna_pairwise_train_only_20260924\final\within_class\left\SqueezeNet\seed_42
within_class,left,SqueezeNet,123,0.581081081081081,0.6330128205128205,0.8076923076923077,0.4583333333333333,0.5810045662100456,0.6642628205128205,0.5244114264092471,C:\Users\IHCK\Desktop\17-9-2569\Hippocampal-Shape-Analysis-for-Epilepsy-Detection\Model\optuna_pairwise_train_only_20260924\final\within_class\left\SqueezeNet\seed_123
within_class,left,SqueezeNet,2026,0.5,0.5352564102564102,0.6538461538461539,0.4166666666666667,0.4991768794585697,0.5833333333333334,0.47892162041636666,C:\Users\IHCK\Desktop\17-9-2569\Hippocampal-Shape-Analysis-for-Epilepsy-Detection\Model\optuna_pairwise_train_only_20260924\final\within_class\left\SqueezeNet\seed_2026
within_class,right,SVM,42,0.8533333333333334,0.8363636363636364,0.8,0.8727272727272727,0.8206911540969355,0.8963636363636364,0.7519946955424142,C:\Users\IHCK\Desktop\17-9-2569\Hippocampal-Shape-Analysis-for-Epilepsy-Detection\Model\optuna_pairwise_train_only_20260924\final\within_class\right\SVM\seed_42
within_class,right,SVM,123,0.8533333333333334,0.8363636363636364,0.8,0.8727272727272727,0.8206911540969355,0.8963636363636364,0.7519946955424142,C:\Users\IHCK\Desktop\17-9-2569\Hippocampal-Shape-Analysis-for-Epilepsy-Detection\Model\optuna_pairwise_train_only_20260924\final\within_class\right\SVM\seed_123
within_class,right,SVM,2026,0.8533333333333334,0.8363636363636364,0.8,0.8727272727272727,0.8206911540969355,0.8963636363636364,0.7519946955424142,C:\Users\IHCK\Desktop\17-9-2569\Hippocampal-Shape-Analysis-for-Epilepsy-Detection\Model\optuna_pairwise_train_only_20260924\final\within_class\right\SVM\seed_2026
within_class,right,MLP,42,0.8666666666666667,0.8136363636363636,0.7,0.9272727272727272,0.8237781954887217,0.9209090909090909,0.8255192236384188,C:\Users\IHCK\Desktop\17-9-2569\Hippocampal-Shape-Analysis-for-Epilepsy-Detection\Model\optuna_pairwise_train_only_20260924\final\within_class\right\MLP\seed_42
within_class,right,MLP,123,0.88,0.8386363636363636,0.75,0.9272727272727272,0.844074844074844,0.9381818181818182,0.8265022913594342,C:\Users\IHCK\Desktop\17-9-2569\Hippocampal-Shape-Analysis-for-Epilepsy-Detection\Model\optuna_pairwise_train_only_20260924\final\within_class\right\MLP\seed_123
within_class,right,MLP,2026,0.88,0.8386363636363636,0.75,0.9272727272727272,0.844074844074844,0.9172727272727272,0.8174279093668482,C:\Users\IHCK\Desktop\17-9-2569\Hippocampal-Shape-Analysis-for-Epilepsy-Detection\Model\optuna_pairwise_train_only_20260924\final\within_class\right\MLP\seed_2026
within_class,right,ResNet,42,0.6933333333333334,0.5522727272727272,0.25,0.8545454545454545,0.5532245532245532,0.6936363636363636,0.3965090849066373,C:\Users\IHCK\Desktop\17-9-2569\Hippocampal-Shape-Analysis-for-Epilepsy-Detection\Model\optuna_pairwise_train_only_20260924\final\within_class\right\ResNet\seed_42
within_class,right,ResNet,123,0.7733333333333333,0.6863636363636363,0.5,0.8727272727272727,0.6950490313322171,0.7890909090909092,0.5128222369052591,C:\Users\IHCK\Desktop\17-9-2569\Hippocampal-Shape-Analysis-for-Epilepsy-Detection\Model\optuna_pairwise_train_only_20260924\final\within_class\right\ResNet\seed_123
within_class,right,ResNet,2026,0.8266666666666667,0.7704545454545455,0.65,0.8909090909090909,0.7747747747747749,0.87,0.661506664554032,C:\Users\IHCK\Desktop\17-9-2569\Hippocampal-Shape-Analysis-for-Epilepsy-Detection\Model\optuna_pairwise_train_only_20260924\final\within_class\right\ResNet\seed_2026
within_class,right,ResNetAE,42,0.7066666666666667,0.625,0.45,0.8,0.6250000000000001,0.7145454545454545,0.45668330199493135,C:\Users\IHCK\Desktop\17-9-2569\Hippocampal-Shape-Analysis-for-Epilepsy-Detection\Model\optuna_pairwise_train_only_20260924\final\within_class\right\ResNetAE\seed_42
within_class,right,ResNetAE,123,0.7733333333333333,0.6863636363636363,0.5,0.8727272727272727,0.6950490313322171,0.8136363636363637,0.6081802294960523,C:\Users\IHCK\Desktop\17-9-2569\Hippocampal-Shape-Analysis-for-Epilepsy-Detection\Model\optuna_pairwise_train_only_20260924\final\within_class\right\ResNetAE\seed_123
within_class,right,ResNetAE,2026,0.8,0.7204545454545455,0.55,0.8909090909090909,0.7309256158813682,0.8054545454545454,0.6360063925550794,C:\Users\IHCK\Desktop\17-9-2569\Hippocampal-Shape-Analysis-for-Epilepsy-Detection\Model\optuna_pairwise_train_only_20260924\final\within_class\right\ResNetAE\seed_2026
within_class,right,MobileNet,42,0.8266666666666667,0.6909090909090909,0.4,0.9818181818181818,0.7221430607010545,0.8254545454545454,0.7043105337889781,C:\Users\IHCK\Desktop\17-9-2569\Hippocampal-Shape-Analysis-for-Epilepsy-Detection\Model\optuna_pairwise_train_only_20260924\final\within_class\right\MobileNet\seed_42
within_class,right,MobileNet,123,0.7466666666666667,0.6363636363636364,0.4,0.8727272727272727,0.6459627329192547,0.7472727272727273,0.5028733415794966,C:\Users\IHCK\Desktop\17-9-2569\Hippocampal-Shape-Analysis-for-Epilepsy-Detection\Model\optuna_pairwise_train_only_20260924\final\within_class\right\MobileNet\seed_123
within_class,right,MobileNet,2026,0.68,0.5909090909090909,0.4,0.7818181818181819,0.5909090909090909,0.7018181818181818,0.39951413117160145,C:\Users\IHCK\Desktop\17-9-2569\Hippocampal-Shape-Analysis-for-Epilepsy-Detection\Model\optuna_pairwise_train_only_20260924\final\within_class\right\MobileNet\seed_2026
within_class,right,SqueezeNet,42,0.30666666666666664,0.5272727272727272,1.0,0.05454545454545454,0.2691154422788606,0.7445454545454545,0.5973584975345335,C:\Users\IHCK\Desktop\17-9-2569\Hippocampal-Shape-Analysis-for-Epilepsy-Detection\Model\optuna_pairwise_train_only_20260924\final\within_class\right\SqueezeNet\seed_42
within_class,right,SqueezeNet,123,0.6666666666666666,0.7090909090909091,0.8,0.6181818181818182,0.6462931522354273,0.7727272727272727,0.5702697876738764,C:\Users\IHCK\Desktop\17-9-2569\Hippocampal-Shape-Analysis-for-Epilepsy-Detection\Model\optuna_pairwise_train_only_20260924\final\within_class\right\SqueezeNet\seed_123
within_class,right,SqueezeNet,2026,0.6133333333333333,0.6727272727272727,0.8,0.5454545454545454,0.5993737336526064,0.7627272727272727,0.5588862378991796,C:\Users\IHCK\Desktop\17-9-2569\Hippocampal-Shape-Analysis-for-Epilepsy-Detection\Model\optuna_pairwise_train_only_20260924\final\within_class\right\SqueezeNet\seed_2026
