Protocol,ProtocolKey,Cohort,Side,Model,EvalSeed,OptunaTrials,BestOOF_BalancedAccuracy,Test_Accuracy,Test_BalancedAccuracy,Test_Sensitivity,Test_Specificity,Test_F1_Macro,Test_ROC_AUC,BestParams,RunDir,Threshold_OOF,Test_Accuracy_Tuned,Test_BalancedAccuracy_Tuned,Test_Sensitivity_Tuned,Test_Specificity_Tuned,Test_F1_Macro_Tuned,Test_ROC_AUC_Tuned,Test_PR_AUC_Tuned
Optuna fold-local PLS-DA coefficient,coef_plsda,All_coef,left,SVM,42,10,0.8068868304470398,0.8378378378378378,0.8221153846153846,0.7692307692307693,0.875,0.8221153846153846,0.8509615384615385,"{""C"": 1.1400863701127328, ""gamma_mode"": ""auto""}",C:\Users\IHCK\Desktop\17-9-2569\Hippocampal-Shape-Analysis-for-Epilepsy-Detection\Model\optuna_current_spharm_80_20_20260922\final\coef_plsda\All_coef\left\SVM\seed_42,0.44,0.8108108108108109,0.8012820512820513,0.7692307692307693,0.8333333333333334,0.7959022852639874,0.8509615384615385,0.8195912441863658
Optuna fold-local PLS-DA coefficient,coef_plsda,All_coef,left,SVM,123,10,0.8068868304470398,0.8243243243243243,0.811698717948718,0.7692307692307693,0.8541666666666666,0.8089374379344587,0.8453525641025641,"{""C"": 1.1400863701127328, ""gamma_mode"": ""auto""}",C:\Users\IHCK\Desktop\17-9-2569\Hippocampal-Shape-Analysis-for-Epilepsy-Detection\Model\optuna_current_spharm_80_20_20260922\final\coef_plsda\All_coef\left\SVM\seed_123,0.44,0.8108108108108109,0.8100961538461539,0.8076923076923077,0.8125,0.798913043478261,0.8453525641025641,0.8263649197518743
Optuna fold-local PLS-DA coefficient,coef_plsda,All_coef,left,SVM,2026,10,0.8068868304470398,0.8783783783783784,0.8621794871794872,0.8076923076923077,0.9166666666666666,0.8653729533050333,0.90625,"{""C"": 1.1400863701127328, ""gamma_mode"": ""auto""}",C:\Users\IHCK\Desktop\17-9-2569\Hippocampal-Shape-Analysis-for-Epilepsy-Detection\Model\optuna_current_spharm_80_20_20260922\final\coef_plsda\All_coef\left\SVM\seed_2026,0.44,0.8648648648648649,0.8693910256410255,0.8846153846153846,0.8541666666666666,0.8563664596273293,0.90625,0.8857988146491161
Optuna fold-local PLS-DA coefficient,coef_plsda,All_coef,left,MLP,42,10,0.8453483689085783,0.7702702702702703,0.7612179487179487,0.7307692307692307,0.7916666666666666,0.75405669599218,0.8108974358974359,"{""batch_size"": 32, ""dropout"": 0.4233589392465845, ""lr"": 0.0007896186801026692, ""weight_decay"": 4.809461967501575e-06}",C:\Users\IHCK\Desktop\17-9-2569\Hippocampal-Shape-Analysis-for-Epilepsy-Detection\Model\optuna_current_spharm_80_20_20260922\final\coef_plsda\All_coef\left\MLP\seed_42,0.31,0.7432432432432432,0.749198717948718,0.7692307692307693,0.7291666666666666,0.7322414778137498,0.8108974358974359,0.7638688977411867
Optuna fold-local PLS-DA coefficient,coef_plsda,All_coef,left,MLP,123,10,0.8453483689085783,0.7027027027027027,0.7003205128205128,0.6923076923076923,0.7083333333333334,0.6881226053639847,0.7916666666666667,"{""batch_size"": 32, ""dropout"": 0.4233589392465845, ""lr"": 0.0007896186801026692, ""weight_decay"": 4.809461967501575e-06}",C:\Users\IHCK\Desktop\17-9-2569\Hippocampal-Shape-Analysis-for-Epilepsy-Detection\Model\optuna_current_spharm_80_20_20260922\final\coef_plsda\All_coef\left\MLP\seed_123,0.31,0.6891891891891891,0.6899038461538461,0.6923076923076923,0.6875,0.6758712626166444,0.7916666666666667,0.7619073201602515
Optuna fold-local PLS-DA coefficient,coef_plsda,All_coef,left,MLP,2026,10,0.8453483689085783,0.7837837837837838,0.780448717948718,0.7692307692307693,0.7916666666666666,0.7701863354037266,0.8613782051282052,"{""batch_size"": 32, ""dropout"": 0.4233589392465845, ""lr"": 0.0007896186801026692, ""weight_decay"": 4.809461967501575e-06}",C:\Users\IHCK\Desktop\17-9-2569\Hippocampal-Shape-Analysis-for-Epilepsy-Detection\Model\optuna_current_spharm_80_20_20260922\final\coef_plsda\All_coef\left\MLP\seed_2026,0.31,0.7702702702702703,0.7700320512820513,0.7692307692307693,0.7708333333333334,0.7574705995758627,0.8613782051282052,0.8477140810538685
Optuna fold-local PLS-DA coefficient,coef_plsda,All_coef,left,ResNet,42,10,0.648283326621023,0.6486486486486487,0.5881410256410257,0.3846153846153846,0.7916666666666666,0.5899403239556693,0.5897435897435898,"{""batch_size"": 32, ""dropout"": 0.1185801650879991, ""lr"": 0.000471705203762518, ""weight_decay"": 0.0013826232179369874}",C:\Users\IHCK\Desktop\17-9-2569\Hippocampal-Shape-Analysis-for-Epilepsy-Detection\Model\optuna_current_spharm_80_20_20260922\final\coef_plsda\All_coef\left\ResNet\seed_42,0.36,0.6216216216216216,0.5673076923076923,0.38461538461538464,0.75,0.5683333333333332,0.5897435897435898,0.5044248371546137
Optuna fold-local PLS-DA coefficient,coef_plsda,All_coef,left,ResNet,123,10,0.648283326621023,0.6756756756756757,0.608974358974359,0.3846153846153846,0.8333333333333334,0.6118881118881119,0.6971153846153846,"{""batch_size"": 32, ""dropout"": 0.1185801650879991, ""lr"": 0.000471705203762518, ""weight_decay"": 0.0013826232179369874}",C:\Users\IHCK\Desktop\17-9-2569\Hippocampal-Shape-Analysis-for-Epilepsy-Detection\Model\optuna_current_spharm_80_20_20260922\final\coef_plsda\All_coef\left\ResNet\seed_123,0.36,0.6621621621621622,0.6073717948717948,0.4230769230769231,0.7916666666666666,0.6102801769538656,0.6971153846153846,0.5822752051981864
Optuna fold-local PLS-DA coefficient,coef_plsda,All_coef,left,ResNet,2026,10,0.648283326621023,0.6756756756756757,0.6266025641025641,0.4615384615384615,0.7916666666666666,0.6299999999999999,0.6818910256410257,"{""batch_size"": 32, ""dropout"": 0.1185801650879991, ""lr"": 0.000471705203762518, ""weight_decay"": 0.0013826232179369874}",C:\Users\IHCK\Desktop\17-9-2569\Hippocampal-Shape-Analysis-for-Epilepsy-Detection\Model\optuna_current_spharm_80_20_20260922\final\coef_plsda\All_coef\left\ResNet\seed_2026,0.36,0.6621621621621622,0.6338141025641025,0.5384615384615384,0.7291666666666666,0.6325719960278053,0.6818910256410257,0.5738527593093363
Optuna fold-local PLS-DA coefficient,coef_plsda,All_coef,left,ResNetAE,42,10,0.6535189287152638,0.6351351351351351,0.5865384615384616,0.4230769230769231,0.75,0.5881261595547309,0.6314102564102565,"{""batch_size"": 32, ""dropout"": 0.1798695128633439, ""lr"": 0.000160712385120399, ""recon_weight"": 0.04666963767236924, ""weight_decay"": 1.4742753159914662e-05}",C:\Users\IHCK\Desktop\17-9-2569\Hippocampal-Shape-Analysis-for-Epilepsy-Detection\Model\optuna_current_spharm_80_20_20260922\final\coef_plsda\All_coef\left\ResNetAE\seed_42,0.295,0.527027027027027,0.5472756410256411,0.6153846153846154,0.4791666666666667,0.5227565874332044,0.6314102564102565,0.5372243536125325
Optuna fold-local PLS-DA coefficient,coef_plsda,All_coef,left,ResNetAE,123,10,0.6535189287152638,0.6621621621621622,0.5897435897435898,0.3461538461538461,0.8333333333333334,0.5902547065337762,0.639423076923077,"{""batch_size"": 32, ""dropout"": 0.1798695128633439, ""lr"": 0.000160712385120399, ""recon_weight"": 0.04666963767236924, ""weight_decay"": 1.4742753159914662e-05}",C:\Users\IHCK\Desktop\17-9-2569\Hippocampal-Shape-Analysis-for-Epilepsy-Detection\Model\optuna_current_spharm_80_20_20260922\final\coef_plsda\All_coef\left\ResNetAE\seed_123,0.295,0.6081081081081081,0.5833333333333333,0.5,0.6666666666666666,0.5804496578690127,0.639423076923077,0.5392275723244145
Optuna fold-local PLS-DA coefficient,coef_plsda,All_coef,left,ResNetAE,2026,10,0.6535189287152638,0.7567567567567568,0.7067307692307692,0.5384615384615384,0.875,0.7161125319693095,0.8333333333333334,"{""batch_size"": 32, ""dropout"": 0.1798695128633439, ""lr"": 0.000160712385120399, ""recon_weight"": 0.04666963767236924, ""weight_decay"": 1.4742753159914662e-05}",C:\Users\IHCK\Desktop\17-9-2569\Hippocampal-Shape-Analysis-for-Epilepsy-Detection\Model\optuna_current_spharm_80_20_20260922\final\coef_plsda\All_coef\left\ResNetAE\seed_2026,0.295,0.7297297297297297,0.7123397435897436,0.6538461538461539,0.7708333333333334,0.7084318360914106,0.8333333333333334,0.7660792662391458
Optuna fold-local PLS-DA coefficient,coef_plsda,All_coef,left,MobileNet,42,10,0.7120670559806686,0.7027027027027027,0.6121794871794872,0.3076923076923077,0.9166666666666666,0.6105263157894736,0.5801282051282051,"{""batch_size"": 8, ""dropout"": 0.4579309401710595, ""lr"": 0.000642033033629786, ""weight_decay"": 5.4880470007660465e-06}",C:\Users\IHCK\Desktop\17-9-2569\Hippocampal-Shape-Analysis-for-Epilepsy-Detection\Model\optuna_current_spharm_80_20_20260922\final\coef_plsda\All_coef\left\MobileNet\seed_42,0.37,0.6621621621621622,0.5809294871794872,0.3076923076923077,0.8541666666666666,0.5782995213129701,0.5801282051282051,0.46980585600324715
Optuna fold-local PLS-DA coefficient,coef_plsda,All_coef,left,MobileNet,123,10,0.7120670559806686,0.6216216216216216,0.5408653846153846,0.2692307692307692,0.8125,0.5345911949685535,0.6322115384615384,"{""batch_size"": 8, ""dropout"": 0.4579309401710595, ""lr"": 0.000642033033629786, ""weight_decay"": 5.4880470007660465e-06}",C:\Users\IHCK\Desktop\17-9-2569\Hippocampal-Shape-Analysis-for-Epilepsy-Detection\Model\optuna_current_spharm_80_20_20260922\final\coef_plsda\All_coef\left\MobileNet\seed_123,0.37,0.6486486486486487,0.5969551282051282,0.4230769230769231,0.7708333333333334,0.5991666666666666,0.6322115384615384,0.4548867838002291
Optuna fold-local PLS-DA coefficient,coef_plsda,All_coef,left,MobileNet,2026,10,0.7120670559806686,0.6756756756756757,0.6266025641025641,0.4615384615384615,0.7916666666666666,0.6299999999999999,0.6586538461538461,"{""batch_size"": 8, ""dropout"": 0.4579309401710595, ""lr"": 0.000642033033629786, ""weight_decay"": 5.4880470007660465e-06}",C:\Users\IHCK\Desktop\17-9-2569\Hippocampal-Shape-Analysis-for-Epilepsy-Detection\Model\optuna_current_spharm_80_20_20260922\final\coef_plsda\All_coef\left\MobileNet\seed_2026,0.37,0.6486486486486487,0.6145833333333333,0.5,0.7291666666666666,0.6145833333333333,0.6586538461538461,0.5097411834919376
Optuna fold-local PLS-DA coefficient,coef_plsda,All_coef,left,SqueezeNet,42,10,0.5279903342730567,0.5945945945945946,0.484775641025641,0.1153846153846153,0.8541666666666666,0.4494047619047618,0.5753205128205129,"{""batch_size"": 8, ""dropout"": 0.2465447373174767, ""lr"": 0.0004345454109729479, ""weight_decay"": 1.461896279370496e-05}",C:\Users\IHCK\Desktop\17-9-2569\Hippocampal-Shape-Analysis-for-Epilepsy-Detection\Model\optuna_current_spharm_80_20_20260922\final\coef_plsda\All_coef\left\SqueezeNet\seed_42,0.345,0.5540540540540541,0.5681089743589745,0.6153846153846154,0.5208333333333334,0.5473586654309546,0.5753205128205129,0.42980280275052674
Optuna fold-local PLS-DA coefficient,coef_plsda,All_coef,left,SqueezeNet,123,10,0.5279903342730567,0.6351351351351351,0.4983974358974359,0.0384615384615384,0.9583333333333334,0.4210373804694291,0.53125,"{""batch_size"": 8, ""dropout"": 0.2465447373174767, ""lr"": 0.0004345454109729479, ""weight_decay"": 1.461896279370496e-05}",C:\Users\IHCK\Desktop\17-9-2569\Hippocampal-Shape-Analysis-for-Epilepsy-Detection\Model\optuna_current_spharm_80_20_20260922\final\coef_plsda\All_coef\left\SqueezeNet\seed_123,0.345,0.581081081081081,0.5184294871794872,0.3076923076923077,0.7291666666666666,0.5167474194227933,0.53125,0.4058796477181098
Optuna fold-local PLS-DA coefficient,coef_plsda,All_coef,left,SqueezeNet,2026,10,0.5279903342730567,0.6486486486486487,0.5088141025641025,0.0384615384615384,0.9791666666666666,0.4273809523809523,0.594551282051282,"{""batch_size"": 8, ""dropout"": 0.2465447373174767, ""lr"": 0.0004345454109729479, ""weight_decay"": 1.461896279370496e-05}",C:\Users\IHCK\Desktop\17-9-2569\Hippocampal-Shape-Analysis-for-Epilepsy-Detection\Model\optuna_current_spharm_80_20_20260922\final\coef_plsda\All_coef\left\SqueezeNet\seed_2026,0.345,0.6081081081081081,0.5921474358974359,0.5384615384615384,0.6458333333333334,0.58627337574706,0.594551282051282,0.46247403684815325
Optuna fold-local PLS-DA coefficient,coef_plsda,All_coef,right,SVM,42,10,0.8065410199556542,0.84,0.7795454545454545,0.65,0.9090909090909092,0.7885338345864661,0.8809090909090909,"{""C"": 29.154431891537552, ""gamma_mode"": ""scale""}",C:\Users\IHCK\Desktop\17-9-2569\Hippocampal-Shape-Analysis-for-Epilepsy-Detection\Model\optuna_current_spharm_80_20_20260922\final\coef_plsda\All_coef\right\SVM\seed_42,0.37,0.8666666666666667,0.8454545454545455,0.8,0.8909090909090909,0.8346560846560847,0.8809090909090909,0.7373062076112449
Optuna fold-local PLS-DA coefficient,coef_plsda,All_coef,right,SVM,123,10,0.8065410199556542,0.8533333333333334,0.7886363636363636,0.65,0.9272727272727272,0.8026787849796699,0.8681818181818182,"{""C"": 29.154431891537552, ""gamma_mode"": ""scale""}",C:\Users\IHCK\Desktop\17-9-2569\Hippocampal-Shape-Analysis-for-Epilepsy-Detection\Model\optuna_current_spharm_80_20_20260922\final\coef_plsda\All_coef\right\SVM\seed_123,0.37,0.8133333333333334,0.7772727272727272,0.7,0.8545454545454545,0.7685185185185185,0.8681818181818182,0.7321874593163525
Optuna fold-local PLS-DA coefficient,coef_plsda,All_coef,right,SVM,2026,10,0.8065410199556542,0.8533333333333334,0.7886363636363636,0.65,0.9272727272727272,0.8026787849796699,0.869090909090909,"{""C"": 29.154431891537552, ""gamma_mode"": ""scale""}",C:\Users\IHCK\Desktop\17-9-2569\Hippocampal-Shape-Analysis-for-Epilepsy-Detection\Model\optuna_current_spharm_80_20_20260922\final\coef_plsda\All_coef\right\SVM\seed_2026,0.37,0.8266666666666667,0.7863636363636364,0.7,0.8727272727272727,0.7818303871112104,0.869090909090909,0.7241289902907551
Optuna fold-local PLS-DA coefficient,coef_plsda,All_coef,right,MLP,42,10,0.8514966740576497,0.8666666666666667,0.8931818181818181,0.95,0.8363636363636363,0.8468137254901962,0.9172727272727272,"{""batch_size"": 32, ""dropout"": 0.3099025726528951, ""lr"": 0.0016967533607196547, ""weight_decay"": 7.068974950624607e-06}",C:\Users\IHCK\Desktop\17-9-2569\Hippocampal-Shape-Analysis-for-Epilepsy-Detection\Model\optuna_current_spharm_80_20_20260922\final\coef_plsda\All_coef\right\MLP\seed_42,0.375,0.8533333333333334,0.884090909090909,0.95,0.8181818181818182,0.8332996564962618,0.9172727272727272,0.7537751343943295
Optuna fold-local PLS-DA coefficient,coef_plsda,All_coef,right,MLP,123,10,0.8514966740576497,0.8666666666666667,0.8454545454545455,0.8,0.8909090909090909,0.8346560846560847,0.9045454545454544,"{""batch_size"": 32, ""dropout"": 0.3099025726528951, ""lr"": 0.0016967533607196547, ""weight_decay"": 7.068974950624607e-06}",C:\Users\IHCK\Desktop\17-9-2569\Hippocampal-Shape-Analysis-for-Epilepsy-Detection\Model\optuna_current_spharm_80_20_20260922\final\coef_plsda\All_coef\right\MLP\seed_123,0.375,0.8666666666666667,0.8454545454545455,0.8,0.8909090909090909,0.8346560846560847,0.9045454545454545,0.7188588730670774
Optuna fold-local PLS-DA coefficient,coef_plsda,All_coef,right,MLP,2026,10,0.8514966740576497,0.88,0.8386363636363636,0.75,0.9272727272727272,0.844074844074844,0.9063636363636364,"{""batch_size"": 32, ""dropout"": 0.3099025726528951, ""lr"": 0.0016967533607196547, ""weight_decay"": 7.068974950624607e-06}",C:\Users\IHCK\Desktop\17-9-2569\Hippocampal-Shape-Analysis-for-Epilepsy-Detection\Model\optuna_current_spharm_80_20_20260922\final\coef_plsda\All_coef\right\MLP\seed_2026,0.375,0.88,0.8386363636363636,0.75,0.9272727272727272,0.844074844074844,0.9063636363636364,0.8086337687119192
Optuna fold-local PLS-DA coefficient,coef_plsda,All_coef,right,ResNet,42,10,0.6792128603104213,0.8266666666666667,0.7545454545454545,0.6,0.9090909090909092,0.7668022004305189,0.8227272727272728,"{""batch_size"": 8, ""dropout"": 0.2465447373174767, ""lr"": 0.0004345454109729479, ""weight_decay"": 1.461896279370496e-05}",C:\Users\IHCK\Desktop\17-9-2569\Hippocampal-Shape-Analysis-for-Epilepsy-Detection\Model\optuna_current_spharm_80_20_20260922\final\coef_plsda\All_coef\right\ResNet\seed_42,0.36,0.8,0.7363636363636363,0.6,0.8727272727272727,0.7401247401247402,0.8227272727272728,0.657302175870402
Optuna fold-local PLS-DA coefficient,coef_plsda,All_coef,right,ResNet,123,10,0.6792128603104213,0.8666666666666667,0.8136363636363636,0.7,0.9272727272727272,0.8237781954887217,0.9172727272727274,"{""batch_size"": 8, ""dropout"": 0.2465447373174767, ""lr"": 0.0004345454109729479, ""weight_decay"": 1.461896279370496e-05}",C:\Users\IHCK\Desktop\17-9-2569\Hippocampal-Shape-Analysis-for-Epilepsy-Detection\Model\optuna_current_spharm_80_20_20260922\final\coef_plsda\All_coef\right\ResNet\seed_123,0.36,0.84,0.8113636363636363,0.75,0.8727272727272727,0.8015873015873016,0.9172727272727274,0.7909284754035394
Optuna fold-local PLS-DA coefficient,coef_plsda,All_coef,right,ResNet,2026,10,0.6792128603104213,0.7866666666666666,0.7431818181818182,0.65,0.8363636363636363,0.7354497354497355,0.8427272727272727,"{""batch_size"": 8, ""dropout"": 0.2465447373174767, ""lr"": 0.0004345454109729479, ""weight_decay"": 1.461896279370496e-05}",C:\Users\IHCK\Desktop\17-9-2569\Hippocampal-Shape-Analysis-for-Epilepsy-Detection\Model\optuna_current_spharm_80_20_20260922\final\coef_plsda\All_coef\right\ResNet\seed_2026,0.36,0.7866666666666666,0.759090909090909,0.7,0.8181818181818182,0.7427101200686106,0.8427272727272727,0.6909950847841975
Optuna fold-local PLS-DA coefficient,coef_plsda,All_coef,right,ResNetAE,42,10,0.6388026607538803,0.8,0.6886363636363636,0.45,0.9272727272727272,0.7086247086247086,0.8581818181818182,"{""batch_size"": 8, ""dropout"": 0.16239780813448107, ""lr"": 0.0003574712922600243, ""recon_weight"": 0.011900590783184251, ""weight_decay"": 0.006351221010640704}",C:\Users\IHCK\Desktop\17-9-2569\Hippocampal-Shape-Analysis-for-Epilepsy-Detection\Model\optuna_current_spharm_80_20_20260922\final\coef_plsda\All_coef\right\ResNetAE\seed_42,0.21,0.8133333333333334,0.7931818181818182,0.75,0.8363636363636363,0.7748713550600342,0.8581818181818182,0.6355707366768433
Optuna fold-local PLS-DA coefficient,coef_plsda,All_coef,right,ResNetAE,123,10,0.6388026607538803,0.8266666666666667,0.7545454545454545,0.6,0.9090909090909092,0.7668022004305189,0.8909090909090909,"{""batch_size"": 8, ""dropout"": 0.16239780813448107, ""lr"": 0.0003574712922600243, ""recon_weight"": 0.011900590783184251, ""weight_decay"": 0.006351221010640704}",C:\Users\IHCK\Desktop\17-9-2569\Hippocampal-Shape-Analysis-for-Epilepsy-Detection\Model\optuna_current_spharm_80_20_20260922\final\coef_plsda\All_coef\right\ResNetAE\seed_123,0.21,0.8533333333333334,0.8204545454545454,0.75,0.8909090909090909,0.8153949429402549,0.8909090909090909,0.7525373872615252
Optuna fold-local PLS-DA coefficient,coef_plsda,All_coef,right,ResNetAE,2026,10,0.6388026607538803,0.8133333333333334,0.7295454545454545,0.55,0.9090909090909092,0.7441520467836257,0.8790909090909091,"{""batch_size"": 8, ""dropout"": 0.16239780813448107, ""lr"": 0.0003574712922600243, ""recon_weight"": 0.011900590783184251, ""weight_decay"": 0.006351221010640704}",C:\Users\IHCK\Desktop\17-9-2569\Hippocampal-Shape-Analysis-for-Epilepsy-Detection\Model\optuna_current_spharm_80_20_20260922\final\coef_plsda\All_coef\right\ResNetAE\seed_2026,0.21,0.7733333333333333,0.75,0.7,0.8,0.7301587301587302,0.8790909090909091,0.6941011606278215
Optuna fold-local PLS-DA coefficient,coef_plsda,All_coef,right,MobileNet,42,10,0.6915188470066519,0.7333333333333333,0.5477272727272727,0.15,0.9454545454545454,0.5347394540942928,0.7681818181818183,"{""batch_size"": 8, ""dropout"": 0.4579309401710595, ""lr"": 0.000642033033629786, ""weight_decay"": 5.4880470007660465e-06}",C:\Users\IHCK\Desktop\17-9-2569\Hippocampal-Shape-Analysis-for-Epilepsy-Detection\Model\optuna_current_spharm_80_20_20260922\final\coef_plsda\All_coef\right\MobileNet\seed_42,0.285,0.7066666666666667,0.5295454545454545,0.15,0.9090909090909091,0.5169789227166276,0.7681818181818183,0.517496422462317
Optuna fold-local PLS-DA coefficient,coef_plsda,All_coef,right,MobileNet,123,10,0.6915188470066519,0.7333333333333333,0.5795454545454546,0.25,0.9090909090909092,0.5833333333333333,0.7818181818181817,"{""batch_size"": 8, ""dropout"": 0.4579309401710595, ""lr"": 0.000642033033629786, ""weight_decay"": 5.4880470007660465e-06}",C:\Users\IHCK\Desktop\17-9-2569\Hippocampal-Shape-Analysis-for-Epilepsy-Detection\Model\optuna_current_spharm_80_20_20260922\final\coef_plsda\All_coef\right\MobileNet\seed_123,0.285,0.7466666666666667,0.6204545454545454,0.35,0.8909090909090909,0.6309246309246308,0.7818181818181817,0.5241840578514586
Optuna fold-local PLS-DA coefficient,coef_plsda,All_coef,right,MobileNet,2026,10,0.6915188470066519,0.7733333333333333,0.6386363636363637,0.35,0.9272727272727272,0.6543778801843317,0.7454545454545454,"{""batch_size"": 8, ""dropout"": 0.4579309401710595, ""lr"": 0.000642033033629786, ""weight_decay"": 5.4880470007660465e-06}",C:\Users\IHCK\Desktop\17-9-2569\Hippocampal-Shape-Analysis-for-Epilepsy-Detection\Model\optuna_current_spharm_80_20_20260922\final\coef_plsda\All_coef\right\MobileNet\seed_2026,0.285,0.7333333333333333,0.6272727272727272,0.4,0.8545454545454545,0.6345029239766081,0.7454545454545454,0.5317876642278457
Optuna fold-local PLS-DA coefficient,coef_plsda,All_coef,right,SqueezeNet,42,10,0.5,0.72,0.5068181818181818,0.05,0.9636363636363636,0.4608010955152345,0.4163636363636364,"{""batch_size"": 16, ""dropout"": 0.4879639408647978, ""lr"": 0.00012184186502221769, ""weight_decay"": 0.0029154431891537554}",C:\Users\IHCK\Desktop\17-9-2569\Hippocampal-Shape-Analysis-for-Epilepsy-Detection\Model\optuna_current_spharm_80_20_20260922\final\coef_plsda\All_coef\right\SqueezeNet\seed_42,0.27,0.44,0.4909090909090909,0.6,0.38181818181818183,0.4318181818181819,0.4163636363636364,0.276123565535429
Optuna fold-local PLS-DA coefficient,coef_plsda,All_coef,right,SqueezeNet,123,10,0.5,0.7333333333333333,0.5159090909090909,0.05,0.9818181818181818,0.4673295454545454,0.4027272727272727,"{""batch_size"": 16, ""dropout"": 0.4879639408647978, ""lr"": 0.00012184186502221769, ""weight_decay"": 0.0029154431891537554}",C:\Users\IHCK\Desktop\17-9-2569\Hippocampal-Shape-Analysis-for-Epilepsy-Detection\Model\optuna_current_spharm_80_20_20260922\final\coef_plsda\All_coef\right\SqueezeNet\seed_123,0.27,0.37333333333333335,0.42954545454545456,0.55,0.3090909090909091,0.369296833064949,0.40272727272727277,0.25371252649343495
Optuna fold-local PLS-DA coefficient,coef_plsda,All_coef,right,SqueezeNet,2026,10,0.5,0.72,0.5068181818181818,0.05,0.9636363636363636,0.4608010955152345,0.4236363636363637,"{""batch_size"": 16, ""dropout"": 0.4879639408647978, ""lr"": 0.00012184186502221769, ""weight_decay"": 0.0029154431891537554}",C:\Users\IHCK\Desktop\17-9-2569\Hippocampal-Shape-Analysis-for-Epilepsy-Detection\Model\optuna_current_spharm_80_20_20260922\final\coef_plsda\All_coef\right\SqueezeNet\seed_2026,0.27,0.4266666666666667,0.46590909090909094,0.55,0.38181818181818183,0.41628959276018096,0.4236363636363637,0.2684733000968481
Optuna fold-local PLS-DA coefficient,coef_plsda,All_coef_Ds004469,left,SVM,42,10,0.5373608903020668,0.8333333333333334,0.5,0.0,1.0,0.4545454545454545,0.7,"{""C"": 0.030771802712506867, ""gamma_mode"": ""auto""}",C:\Users\IHCK\Desktop\17-9-2569\Hippocampal-Shape-Analysis-for-Epilepsy-Detection\Model\optuna_current_spharm_80_20_20260922\final\coef_plsda\All_coef_Ds004469\left\SVM\seed_42,0.505,0.8333333333333334,0.5,0.0,1.0,0.45454545454545453,0.7,0.325
Optuna fold-local PLS-DA coefficient,coef_plsda,All_coef_Ds004469,left,SVM,123,10,0.5373608903020668,0.1666666666666666,0.5,1.0,0.0,0.1428571428571428,0.5,"{""C"": 0.030771802712506867, ""gamma_mode"": ""auto""}",C:\Users\IHCK\Desktop\17-9-2569\Hippocampal-Shape-Analysis-for-Epilepsy-Detection\Model\optuna_current_spharm_80_20_20260922\final\coef_plsda\All_coef_Ds004469\left\SVM\seed_123,0.505,0.8333333333333334,0.5,0.0,1.0,0.45454545454545453,0.5,0.16666666666666666
Optuna fold-local PLS-DA coefficient,coef_plsda,All_coef_Ds004469,left,SVM,2026,10,0.5373608903020668,0.1666666666666666,0.5,1.0,0.0,0.1428571428571428,0.5,"{""C"": 0.030771802712506867, ""gamma_mode"": ""auto""}",C:\Users\IHCK\Desktop\17-9-2569\Hippocampal-Shape-Analysis-for-Epilepsy-Detection\Model\optuna_current_spharm_80_20_20260922\final\coef_plsda\All_coef_Ds004469\left\SVM\seed_2026,0.505,0.8333333333333334,0.5,0.0,1.0,0.45454545454545453,0.5,0.16666666666666666
Optuna fold-local PLS-DA coefficient,coef_plsda,All_coef_Ds004469,left,MLP,42,10,0.5548489666136726,0.75,0.45,0.0,0.9,0.4285714285714286,0.0999999999999999,"{""batch_size"": 8, ""dropout"": 0.16239780813448107, ""lr"": 0.0003574712922600243, ""weight_decay"": 0.006351221010640704}",C:\Users\IHCK\Desktop\17-9-2569\Hippocampal-Shape-Analysis-for-Epilepsy-Detection\Model\optuna_current_spharm_80_20_20260922\final\coef_plsda\All_coef_Ds004469\left\MLP\seed_42,0.325,0.6666666666666666,0.4,0.0,0.8,0.4000000000000001,0.09999999999999998,0.14090909090909093
Optuna fold-local PLS-DA coefficient,coef_plsda,All_coef_Ds004469,left,MLP,123,10,0.5548489666136726,0.75,0.45,0.0,0.9,0.4285714285714286,0.2,"{""batch_size"": 8, ""dropout"": 0.16239780813448107, ""lr"": 0.0003574712922600243, ""weight_decay"": 0.006351221010640704}",C:\Users\IHCK\Desktop\17-9-2569\Hippocampal-Shape-Analysis-for-Epilepsy-Detection\Model\optuna_current_spharm_80_20_20260922\final\coef_plsda\All_coef_Ds004469\left\MLP\seed_123,0.325,0.6666666666666666,0.4,0.0,0.8,0.4000000000000001,0.2,0.1534090909090909
Optuna fold-local PLS-DA coefficient,coef_plsda,All_coef_Ds004469,left,MLP,2026,10,0.5548489666136726,0.6666666666666666,0.4,0.0,0.8,0.4000000000000001,0.0999999999999999,"{""batch_size"": 8, ""dropout"": 0.16239780813448107, ""lr"": 0.0003574712922600243, ""weight_decay"": 0.006351221010640704}",C:\Users\IHCK\Desktop\17-9-2569\Hippocampal-Shape-Analysis-for-Epilepsy-Detection\Model\optuna_current_spharm_80_20_20260922\final\coef_plsda\All_coef_Ds004469\left\MLP\seed_2026,0.325,0.6666666666666666,0.4,0.0,0.8,0.4000000000000001,0.09999999999999998,0.14090909090909093
Optuna fold-local PLS-DA coefficient,coef_plsda,All_coef_Ds004469,left,ResNet,42,10,0.5588235294117647,0.75,0.45,0.0,0.9,0.4285714285714286,0.6,"{""batch_size"": 8, ""dropout"": 0.16239780813448107, ""lr"": 0.0003574712922600243, ""weight_decay"": 0.006351221010640704}",C:\Users\IHCK\Desktop\17-9-2569\Hippocampal-Shape-Analysis-for-Epilepsy-Detection\Model\optuna_current_spharm_80_20_20260922\final\coef_plsda\All_coef_Ds004469\left\ResNet\seed_42,0.345,0.6666666666666666,0.4,0.0,0.8,0.4000000000000001,0.6,0.29166666666666663
Optuna fold-local PLS-DA coefficient,coef_plsda,All_coef_Ds004469,left,ResNet,123,10,0.5588235294117647,0.6666666666666666,0.4,0.0,0.8,0.4000000000000001,0.35,"{""batch_size"": 8, ""dropout"": 0.16239780813448107, ""lr"": 0.0003574712922600243, ""weight_decay"": 0.006351221010640704}",C:\Users\IHCK\Desktop\17-9-2569\Hippocampal-Shape-Analysis-for-Epilepsy-Detection\Model\optuna_current_spharm_80_20_20260922\final\coef_plsda\All_coef_Ds004469\left\ResNet\seed_123,0.345,0.5,0.3,0.0,0.6,0.33333333333333326,0.35000000000000003,0.18253968253968253
Optuna fold-local PLS-DA coefficient,coef_plsda,All_coef_Ds004469,left,ResNet,2026,10,0.5588235294117647,0.75,0.45,0.0,0.9,0.4285714285714286,0.4,"{""batch_size"": 8, ""dropout"": 0.16239780813448107, ""lr"": 0.0003574712922600243, ""weight_decay"": 0.006351221010640704}",C:\Users\IHCK\Desktop\17-9-2569\Hippocampal-Shape-Analysis-for-Epilepsy-Detection\Model\optuna_current_spharm_80_20_20260922\final\coef_plsda\All_coef_Ds004469\left\ResNet\seed_2026,0.345,0.75,0.45,0.0,0.9,0.4285714285714286,0.4,0.25
Optuna fold-local PLS-DA coefficient,coef_plsda,All_coef_Ds004469,left,ResNetAE,42,10,0.5771065182829889,0.8333333333333334,0.7,0.5,0.9,0.7,0.8500000000000001,"{""batch_size"": 8, ""dropout"": 0.4795542149013333, ""lr"": 0.000750011895041699, ""recon_weight"": 0.18043311207136256, ""weight_decay"": 1.5339162591163623e-06}",C:\Users\IHCK\Desktop\17-9-2569\Hippocampal-Shape-Analysis-for-Epilepsy-Detection\Model\optuna_current_spharm_80_20_20260922\final\coef_plsda\All_coef_Ds004469\left\ResNetAE\seed_42,0.295,0.6666666666666666,0.8,1.0,0.6,0.625,0.8500000000000001,0.5
Optuna fold-local PLS-DA coefficient,coef_plsda,All_coef_Ds004469,left,ResNetAE,123,10,0.5771065182829889,0.5,0.3,0.0,0.6,0.3333333333333332,0.15,"{""batch_size"": 8, ""dropout"": 0.4795542149013333, ""lr"": 0.000750011895041699, ""recon_weight"": 0.18043311207136256, ""weight_decay"": 1.5339162591163623e-06}",C:\Users\IHCK\Desktop\17-9-2569\Hippocampal-Shape-Analysis-for-Epilepsy-Detection\Model\optuna_current_spharm_80_20_20260922\final\coef_plsda\All_coef_Ds004469\left\ResNetAE\seed_123,0.295,0.5,0.3,0.0,0.6,0.33333333333333326,0.15000000000000002,0.14583333333333331
Optuna fold-local PLS-DA coefficient,coef_plsda,All_coef_Ds004469,left,ResNetAE,2026,10,0.5771065182829889,0.6666666666666666,0.4,0.0,0.8,0.4000000000000001,0.0,"{""batch_size"": 8, ""dropout"": 0.4795542149013333, ""lr"": 0.000750011895041699, ""recon_weight"": 0.18043311207136256, ""weight_decay"": 1.5339162591163623e-06}",C:\Users\IHCK\Desktop\17-9-2569\Hippocampal-Shape-Analysis-for-Epilepsy-Detection\Model\optuna_current_spharm_80_20_20260922\final\coef_plsda\All_coef_Ds004469\left\ResNetAE\seed_2026,0.295,0.5833333333333334,0.35,0.0,0.7,0.36842105263157887,0.0,0.12878787878787878
Optuna fold-local PLS-DA coefficient,coef_plsda,All_coef_Ds004469,left,MobileNet,42,10,0.5635930047694754,0.5,0.3,0.0,0.6,0.3333333333333332,0.2,"{""batch_size"": 32, ""dropout"": 0.1185801650879991, ""lr"": 0.000471705203762518, ""weight_decay"": 0.0013826232179369874}",C:\Users\IHCK\Desktop\17-9-2569\Hippocampal-Shape-Analysis-for-Epilepsy-Detection\Model\optuna_current_spharm_80_20_20260922\final\coef_plsda\All_coef_Ds004469\left\MobileNet\seed_42,0.42,0.3333333333333333,0.2,0.0,0.4,0.25,0.2,0.1534090909090909
Optuna fold-local PLS-DA coefficient,coef_plsda,All_coef_Ds004469,left,MobileNet,123,10,0.5635930047694754,0.5833333333333334,0.35,0.0,0.7,0.3684210526315788,0.35,"{""batch_size"": 32, ""dropout"": 0.1185801650879991, ""lr"": 0.000471705203762518, ""weight_decay"": 0.0013826232179369874}",C:\Users\IHCK\Desktop\17-9-2569\Hippocampal-Shape-Analysis-for-Epilepsy-Detection\Model\optuna_current_spharm_80_20_20260922\final\coef_plsda\All_coef_Ds004469\left\MobileNet\seed_123,0.42,0.5,0.3,0.0,0.6,0.33333333333333326,0.35,0.18333333333333335
Optuna fold-local PLS-DA coefficient,coef_plsda,All_coef_Ds004469,left,MobileNet,2026,10,0.5635930047694754,0.5833333333333334,0.35,0.0,0.7,0.3684210526315788,0.0999999999999999,"{""batch_size"": 32, ""dropout"": 0.1185801650879991, ""lr"": 0.000471705203762518, ""weight_decay"": 0.0013826232179369874}",C:\Users\IHCK\Desktop\17-9-2569\Hippocampal-Shape-Analysis-for-Epilepsy-Detection\Model\optuna_current_spharm_80_20_20260922\final\coef_plsda\All_coef_Ds004469\left\MobileNet\seed_2026,0.42,0.5,0.3,0.0,0.6,0.33333333333333326,0.09999999999999998,0.14090909090909093
Optuna fold-local PLS-DA coefficient,coef_plsda,All_coef_Ds004469,left,SqueezeNet,42,10,0.5182829888712241,0.75,0.45,0.0,0.9,0.4285714285714286,0.1999999999999999,"{""batch_size"": 32, ""dropout"": 0.3099025726528951, ""lr"": 0.0016967533607196547, ""weight_decay"": 7.068974950624607e-06}",C:\Users\IHCK\Desktop\17-9-2569\Hippocampal-Shape-Analysis-for-Epilepsy-Detection\Model\optuna_current_spharm_80_20_20260922\final\coef_plsda\All_coef_Ds004469\left\SqueezeNet\seed_42,0.47,0.5833333333333334,0.35,0.0,0.7,0.36842105263157887,0.19999999999999996,0.15555555555555556
Optuna fold-local PLS-DA coefficient,coef_plsda,All_coef_Ds004469,left,SqueezeNet,123,10,0.5182829888712241,0.5,0.3,0.0,0.6,0.3333333333333332,0.3,"{""batch_size"": 32, ""dropout"": 0.3099025726528951, ""lr"": 0.0016967533607196547, ""weight_decay"": 7.068974950624607e-06}",C:\Users\IHCK\Desktop\17-9-2569\Hippocampal-Shape-Analysis-for-Epilepsy-Detection\Model\optuna_current_spharm_80_20_20260922\final\coef_plsda\All_coef_Ds004469\left\SqueezeNet\seed_123,0.47,0.5,0.3,0.0,0.6,0.33333333333333326,0.3,0.17142857142857143
Optuna fold-local PLS-DA coefficient,coef_plsda,All_coef_Ds004469,left,SqueezeNet,2026,10,0.5182829888712241,0.5,0.3,0.0,0.6,0.3333333333333332,0.3,"{""batch_size"": 32, ""dropout"": 0.3099025726528951, ""lr"": 0.0016967533607196547, ""weight_decay"": 7.068974950624607e-06}",C:\Users\IHCK\Desktop\17-9-2569\Hippocampal-Shape-Analysis-for-Epilepsy-Detection\Model\optuna_current_spharm_80_20_20260922\final\coef_plsda\All_coef_Ds004469\left\SqueezeNet\seed_2026,0.47,0.5,0.3,0.0,0.6,0.33333333333333326,0.3,0.17142857142857143
Optuna fold-local PLS-DA coefficient,coef_plsda,All_coef_Ds004469,right,SVM,42,10,0.5021645021645021,0.25,0.5909090909090909,1.0,0.1818181818181818,0.2447552447552447,0.5,"{""C"": 0.05415244119402541, ""gamma_mode"": ""scale""}",C:\Users\IHCK\Desktop\17-9-2569\Hippocampal-Shape-Analysis-for-Epilepsy-Detection\Model\optuna_current_spharm_80_20_20260922\final\coef_plsda\All_coef_Ds004469\right\SVM\seed_42,0.49,0.08333333333333333,0.5,1.0,0.0,0.07692307692307693,0.5,0.1
Optuna fold-local PLS-DA coefficient,coef_plsda,All_coef_Ds004469,right,SVM,123,10,0.5021645021645021,0.1666666666666666,0.5454545454545454,1.0,0.0909090909090909,0.1666666666666666,0.5,"{""C"": 0.05415244119402541, ""gamma_mode"": ""scale""}",C:\Users\IHCK\Desktop\17-9-2569\Hippocampal-Shape-Analysis-for-Epilepsy-Detection\Model\optuna_current_spharm_80_20_20260922\final\coef_plsda\All_coef_Ds004469\right\SVM\seed_123,0.49,0.08333333333333333,0.5,1.0,0.0,0.07692307692307693,0.5,0.09090909090909091
Optuna fold-local PLS-DA coefficient,coef_plsda,All_coef_Ds004469,right,SVM,2026,10,0.5021645021645021,0.0833333333333333,0.5,1.0,0.0,0.0769230769230769,0.3636363636363636,"{""C"": 0.05415244119402541, ""gamma_mode"": ""scale""}",C:\Users\IHCK\Desktop\17-9-2569\Hippocampal-Shape-Analysis-for-Epilepsy-Detection\Model\optuna_current_spharm_80_20_20260922\final\coef_plsda\All_coef_Ds004469\right\SVM\seed_2026,0.49,0.08333333333333333,0.5,1.0,0.0,0.07692307692307693,0.36363636363636365,0.125
Optuna fold-local PLS-DA coefficient,coef_plsda,All_coef_Ds004469,right,MLP,42,10,0.579004329004329,0.9166666666666666,0.5,0.0,1.0,0.4782608695652174,0.0,"{""batch_size"": 32, ""dropout"": 0.3099025726528951, ""lr"": 0.0016967533607196547, ""weight_decay"": 7.068974950624607e-06}",C:\Users\IHCK\Desktop\17-9-2569\Hippocampal-Shape-Analysis-for-Epilepsy-Detection\Model\optuna_current_spharm_80_20_20260922\final\coef_plsda\All_coef_Ds004469\right\MLP\seed_42,0.24,0.9166666666666666,0.5,0.0,1.0,0.4782608695652174,0.0,0.08333333333333333
Optuna fold-local PLS-DA coefficient,coef_plsda,All_coef_Ds004469,right,MLP,123,10,0.579004329004329,0.9166666666666666,0.5,0.0,1.0,0.4782608695652174,0.4545454545454546,"{""batch_size"": 32, ""dropout"": 0.3099025726528951, ""lr"": 0.0016967533607196547, ""weight_decay"": 7.068974950624607e-06}",C:\Users\IHCK\Desktop\17-9-2569\Hippocampal-Shape-Analysis-for-Epilepsy-Detection\Model\optuna_current_spharm_80_20_20260922\final\coef_plsda\All_coef_Ds004469\right\MLP\seed_123,0.24,0.9166666666666666,0.5,0.0,1.0,0.4782608695652174,0.4545454545454546,0.14285714285714285
Optuna fold-local PLS-DA coefficient,coef_plsda,All_coef_Ds004469,right,MLP,2026,10,0.579004329004329,0.9166666666666666,0.5,0.0,1.0,0.4782608695652174,0.4545454545454546,"{""batch_size"": 32, ""dropout"": 0.3099025726528951, ""lr"": 0.0016967533607196547, ""weight_decay"": 7.068974950624607e-06}",C:\Users\IHCK\Desktop\17-9-2569\Hippocampal-Shape-Analysis-for-Epilepsy-Detection\Model\optuna_current_spharm_80_20_20260922\final\coef_plsda\All_coef_Ds004469\right\MLP\seed_2026,0.24,0.9166666666666666,0.5,0.0,1.0,0.4782608695652174,0.4545454545454546,0.14285714285714285
Optuna fold-local PLS-DA coefficient,coef_plsda,All_coef_Ds004469,right,ResNet,42,10,0.5909090909090909,0.8333333333333334,0.4545454545454545,0.0,0.9090909090909092,0.4545454545454545,0.1818181818181817,"{""batch_size"": 8, ""dropout"": 0.4579309401710595, ""lr"": 0.000642033033629786, ""weight_decay"": 5.4880470007660465e-06}",C:\Users\IHCK\Desktop\17-9-2569\Hippocampal-Shape-Analysis-for-Epilepsy-Detection\Model\optuna_current_spharm_80_20_20260922\final\coef_plsda\All_coef_Ds004469\right\ResNet\seed_42,0.135,0.5,0.2727272727272727,0.0,0.5454545454545454,0.33333333333333326,0.18181818181818177,0.1
Optuna fold-local PLS-DA coefficient,coef_plsda,All_coef_Ds004469,right,ResNet,123,10,0.5909090909090909,0.75,0.4090909090909091,0.0,0.8181818181818182,0.4285714285714286,0.1818181818181817,"{""batch_size"": 8, ""dropout"": 0.4579309401710595, ""lr"": 0.000642033033629786, ""weight_decay"": 5.4880470007660465e-06}",C:\Users\IHCK\Desktop\17-9-2569\Hippocampal-Shape-Analysis-for-Epilepsy-Detection\Model\optuna_current_spharm_80_20_20260922\final\coef_plsda\All_coef_Ds004469\right\ResNet\seed_123,0.135,0.5833333333333334,0.3181818181818182,0.0,0.6363636363636364,0.3684210526315789,0.18181818181818177,0.1
Optuna fold-local PLS-DA coefficient,coef_plsda,All_coef_Ds004469,right,ResNet,2026,10,0.5909090909090909,0.9166666666666666,0.5,0.0,1.0,0.4782608695652174,0.1818181818181817,"{""batch_size"": 8, ""dropout"": 0.4579309401710595, ""lr"": 0.000642033033629786, ""weight_decay"": 5.4880470007660465e-06}",C:\Users\IHCK\Desktop\17-9-2569\Hippocampal-Shape-Analysis-for-Epilepsy-Detection\Model\optuna_current_spharm_80_20_20260922\final\coef_plsda\All_coef_Ds004469\right\ResNet\seed_2026,0.135,0.75,0.4090909090909091,0.0,0.8181818181818182,0.4285714285714286,0.18181818181818177,0.1
Optuna fold-local PLS-DA coefficient,coef_plsda,All_coef_Ds004469,right,ResNetAE,42,10,0.5909090909090909,0.75,0.4090909090909091,0.0,0.8181818181818182,0.4285714285714286,0.0,"{""batch_size"": 16, ""dropout"": 0.14881529393791154, ""lr"": 0.0015635108708133452, ""recon_weight"": 0.04407984038169244, ""weight_decay"": 1.6536937182824424e-05}",C:\Users\IHCK\Desktop\17-9-2569\Hippocampal-Shape-Analysis-for-Epilepsy-Detection\Model\optuna_current_spharm_80_20_20260922\final\coef_plsda\All_coef_Ds004469\right\ResNetAE\seed_42,0.345,0.75,0.4090909090909091,0.0,0.8181818181818182,0.4285714285714286,0.0,0.08333333333333333
Optuna fold-local PLS-DA coefficient,coef_plsda,All_coef_Ds004469,right,ResNetAE,123,10,0.5909090909090909,0.6666666666666666,0.3636363636363636,0.0,0.7272727272727273,0.3999999999999999,0.3636363636363636,"{""batch_size"": 16, ""dropout"": 0.14881529393791154, ""lr"": 0.0015635108708133452, ""recon_weight"": 0.04407984038169244, ""weight_decay"": 1.6536937182824424e-05}",C:\Users\IHCK\Desktop\17-9-2569\Hippocampal-Shape-Analysis-for-Epilepsy-Detection\Model\optuna_current_spharm_80_20_20260922\final\coef_plsda\All_coef_Ds004469\right\ResNetAE\seed_123,0.345,0.5833333333333334,0.3181818181818182,0.0,0.6363636363636364,0.3684210526315789,0.36363636363636365,0.125
Optuna fold-local PLS-DA coefficient,coef_plsda,All_coef_Ds004469,right,ResNetAE,2026,10,0.5909090909090909,0.6666666666666666,0.3636363636363636,0.0,0.7272727272727273,0.3999999999999999,0.2727272727272727,"{""batch_size"": 16, ""dropout"": 0.14881529393791154, ""lr"": 0.0015635108708133452, ""recon_weight"": 0.04407984038169244, ""weight_decay"": 1.6536937182824424e-05}",C:\Users\IHCK\Desktop\17-9-2569\Hippocampal-Shape-Analysis-for-Epilepsy-Detection\Model\optuna_current_spharm_80_20_20260922\final\coef_plsda\All_coef_Ds004469\right\ResNetAE\seed_2026,0.345,0.5833333333333334,0.3181818181818182,0.0,0.6363636363636364,0.3684210526315789,0.2727272727272727,0.1111111111111111
Optuna fold-local PLS-DA coefficient,coef_plsda,All_coef_Ds004469,right,MobileNet,42,10,0.5454545454545454,0.8333333333333334,0.4545454545454545,0.0,0.9090909090909092,0.4545454545454545,0.0909090909090909,"{""batch_size"": 32, ""dropout"": 0.3099025726528951, ""lr"": 0.0016967533607196547, ""weight_decay"": 7.068974950624607e-06}",C:\Users\IHCK\Desktop\17-9-2569\Hippocampal-Shape-Analysis-for-Epilepsy-Detection\Model\optuna_current_spharm_80_20_20260922\final\coef_plsda\All_coef_Ds004469\right\MobileNet\seed_42,0.355,0.8333333333333334,0.45454545454545453,0.0,0.9090909090909091,0.45454545454545453,0.09090909090909094,0.09090909090909091
Optuna fold-local PLS-DA coefficient,coef_plsda,All_coef_Ds004469,right,MobileNet,123,10,0.5454545454545454,0.8333333333333334,0.4545454545454545,0.0,0.9090909090909092,0.4545454545454545,0.4545454545454546,"{""batch_size"": 32, ""dropout"": 0.3099025726528951, ""lr"": 0.0016967533607196547, ""weight_decay"": 7.068974950624607e-06}",C:\Users\IHCK\Desktop\17-9-2569\Hippocampal-Shape-Analysis-for-Epilepsy-Detection\Model\optuna_current_spharm_80_20_20260922\final\coef_plsda\All_coef_Ds004469\right\MobileNet\seed_123,0.355,0.8333333333333334,0.45454545454545453,0.0,0.9090909090909091,0.45454545454545453,0.4545454545454546,0.14285714285714285
Optuna fold-local PLS-DA coefficient,coef_plsda,All_coef_Ds004469,right,MobileNet,2026,10,0.5454545454545454,0.8333333333333334,0.4545454545454545,0.0,0.9090909090909092,0.4545454545454545,0.5454545454545454,"{""batch_size"": 32, ""dropout"": 0.3099025726528951, ""lr"": 0.0016967533607196547, ""weight_decay"": 7.068974950624607e-06}",C:\Users\IHCK\Desktop\17-9-2569\Hippocampal-Shape-Analysis-for-Epilepsy-Detection\Model\optuna_current_spharm_80_20_20260922\final\coef_plsda\All_coef_Ds004469\right\MobileNet\seed_2026,0.355,0.8333333333333334,0.45454545454545453,0.0,0.9090909090909091,0.45454545454545453,0.5454545454545454,0.16666666666666666
Optuna fold-local PLS-DA coefficient,coef_plsda,All_coef_Ds004469,right,SqueezeNet,42,10,0.5,0.6666666666666666,0.3636363636363636,0.0,0.7272727272727273,0.3999999999999999,0.2727272727272727,"{""batch_size"": 8, ""dropout"": 0.2465447373174767, ""lr"": 0.0004345454109729479, ""weight_decay"": 1.461896279370496e-05}",C:\Users\IHCK\Desktop\17-9-2569\Hippocampal-Shape-Analysis-for-Epilepsy-Detection\Model\optuna_current_spharm_80_20_20260922\final\coef_plsda\All_coef_Ds004469\right\SqueezeNet\seed_42,0.185,0.25,0.13636363636363635,0.0,0.2727272727272727,0.19999999999999998,0.2727272727272727,0.1111111111111111
Optuna fold-local PLS-DA coefficient,coef_plsda,All_coef_Ds004469,right,SqueezeNet,123,10,0.5,0.75,0.4090909090909091,0.0,0.8181818181818182,0.4285714285714286,0.3636363636363636,"{""batch_size"": 8, ""dropout"": 0.2465447373174767, ""lr"": 0.0004345454109729479, ""weight_decay"": 1.461896279370496e-05}",C:\Users\IHCK\Desktop\17-9-2569\Hippocampal-Shape-Analysis-for-Epilepsy-Detection\Model\optuna_current_spharm_80_20_20260922\final\coef_plsda\All_coef_Ds004469\right\SqueezeNet\seed_123,0.185,0.3333333333333333,0.6363636363636364,1.0,0.2727272727272727,0.3142857142857143,0.36363636363636365,0.125
Optuna fold-local PLS-DA coefficient,coef_plsda,All_coef_Ds004469,right,SqueezeNet,2026,10,0.5,0.6666666666666666,0.3636363636363636,0.0,0.7272727272727273,0.3999999999999999,0.3636363636363636,"{""batch_size"": 8, ""dropout"": 0.2465447373174767, ""lr"": 0.0004345454109729479, ""weight_decay"": 1.461896279370496e-05}",C:\Users\IHCK\Desktop\17-9-2569\Hippocampal-Shape-Analysis-for-Epilepsy-Detection\Model\optuna_current_spharm_80_20_20260922\final\coef_plsda\All_coef_Ds004469\right\SqueezeNet\seed_2026,0.185,0.3333333333333333,0.6363636363636364,1.0,0.2727272727272727,0.3142857142857143,0.36363636363636365,0.125
Optuna fold-local PLS-DA coefficient,coef_plsda,All_coef_Ds005602,left,SVM,42,10,0.8540826989102851,0.8548387096774194,0.8432017543859649,0.7916666666666666,0.8947368421052632,0.8458137607073777,0.9276315789473684,"{""C"": 75.7947995334801, ""gamma_mode"": ""auto""}",C:\Users\IHCK\Desktop\17-9-2569\Hippocampal-Shape-Analysis-for-Epilepsy-Detection\Model\optuna_current_spharm_80_20_20260922\final\coef_plsda\All_coef_Ds005602\left\SVM\seed_42,0.555,0.8387096774193549,0.8223684210526316,0.75,0.8947368421052632,0.8272017837235228,0.9276315789473685,0.9016174535974102
Optuna fold-local PLS-DA coefficient,coef_plsda,All_coef_Ds005602,left,SVM,123,10,0.8540826989102851,0.8548387096774194,0.8508771929824561,0.8333333333333334,0.868421052631579,0.8481632653061225,0.8947368421052632,"{""C"": 75.7947995334801, ""gamma_mode"": ""auto""}",C:\Users\IHCK\Desktop\17-9-2569\Hippocampal-Shape-Analysis-for-Epilepsy-Detection\Model\optuna_current_spharm_80_20_20260922\final\coef_plsda\All_coef_Ds005602\left\SVM\seed_123,0.555,0.8064516129032258,0.7883771929824561,0.7083333333333334,0.868421052631579,0.7926421404682275,0.8947368421052632,0.8494231143919022
Optuna fold-local PLS-DA coefficient,coef_plsda,All_coef_Ds005602,left,SVM,2026,10,0.8540826989102851,0.8548387096774194,0.8508771929824561,0.8333333333333334,0.868421052631579,0.8481632653061225,0.9089912280701754,"{""C"": 75.7947995334801, ""gamma_mode"": ""auto""}",C:\Users\IHCK\Desktop\17-9-2569\Hippocampal-Shape-Analysis-for-Epilepsy-Detection\Model\optuna_current_spharm_80_20_20260922\final\coef_plsda\All_coef_Ds005602\left\SVM\seed_2026,0.555,0.8548387096774194,0.8508771929824561,0.8333333333333334,0.868421052631579,0.8481632653061225,0.9089912280701754,0.8733712067051047
Optuna fold-local PLS-DA coefficient,coef_plsda,All_coef_Ds005602,left,MLP,42,10,0.9050604567845948,0.8548387096774194,0.8508771929824561,0.8333333333333334,0.868421052631579,0.8481632653061225,0.9385964912280702,"{""batch_size"": 8, ""dropout"": 0.4579309401710595, ""lr"": 0.000642033033629786, ""weight_decay"": 5.4880470007660465e-06}",C:\Users\IHCK\Desktop\17-9-2569\Hippocampal-Shape-Analysis-for-Epilepsy-Detection\Model\optuna_current_spharm_80_20_20260922\final\coef_plsda\All_coef_Ds005602\left\MLP\seed_42,0.325,0.8548387096774194,0.8508771929824561,0.8333333333333334,0.868421052631579,0.8481632653061225,0.9385964912280702,0.9013159821523791
Optuna fold-local PLS-DA coefficient,coef_plsda,All_coef_Ds005602,left,MLP,123,10,0.9050604567845948,0.7903225806451613,0.7828947368421053,0.75,0.8157894736842105,0.7806802721088435,0.9210526315789472,"{""batch_size"": 8, ""dropout"": 0.4579309401710595, ""lr"": 0.000642033033629786, ""weight_decay"": 5.4880470007660465e-06}",C:\Users\IHCK\Desktop\17-9-2569\Hippocampal-Shape-Analysis-for-Epilepsy-Detection\Model\optuna_current_spharm_80_20_20260922\final\coef_plsda\All_coef_Ds005602\left\MLP\seed_123,0.325,0.7903225806451613,0.7828947368421053,0.75,0.8157894736842105,0.7806802721088435,0.9210526315789473,0.9023686031704442
Optuna fold-local PLS-DA coefficient,coef_plsda,All_coef_Ds005602,left,MLP,2026,10,0.9050604567845948,0.8387096774193549,0.8300438596491229,0.7916666666666666,0.868421052631579,0.8300438596491229,0.9232456140350878,"{""batch_size"": 8, ""dropout"": 0.4579309401710595, ""lr"": 0.000642033033629786, ""weight_decay"": 5.4880470007660465e-06}",C:\Users\IHCK\Desktop\17-9-2569\Hippocampal-Shape-Analysis-for-Epilepsy-Detection\Model\optuna_current_spharm_80_20_20260922\final\coef_plsda\All_coef_Ds005602\left\MLP\seed_2026,0.325,0.8548387096774194,0.8585526315789473,0.875,0.8421052631578947,0.8501208702659147,0.9232456140350878,0.8990679140771181
Optuna fold-local PLS-DA coefficient,coef_plsda,All_coef_Ds005602,left,ResNet,42,10,0.6434542469025227,0.7096774193548387,0.6557017543859649,0.4166666666666667,0.8947368421052632,0.6585067319461444,0.7368421052631579,"{""batch_size"": 8, ""dropout"": 0.16239780813448107, ""lr"": 0.0003574712922600243, ""weight_decay"": 0.006351221010640704}",C:\Users\IHCK\Desktop\17-9-2569\Hippocampal-Shape-Analysis-for-Epilepsy-Detection\Model\optuna_current_spharm_80_20_20260922\final\coef_plsda\All_coef_Ds005602\left\ResNet\seed_42,0.37,0.6612903225806451,0.6239035087719298,0.4583333333333333,0.7894736842105263,0.6261843238587426,0.7368421052631579,0.6635692467602943
Optuna fold-local PLS-DA coefficient,coef_plsda,All_coef_Ds005602,left,ResNet,123,10,0.6434542469025227,0.6774193548387096,0.6293859649122807,0.4166666666666667,0.8421052631578947,0.6309523809523809,0.7554824561403509,"{""batch_size"": 8, ""dropout"": 0.16239780813448107, ""lr"": 0.0003574712922600243, ""weight_decay"": 0.006351221010640704}",C:\Users\IHCK\Desktop\17-9-2569\Hippocampal-Shape-Analysis-for-Epilepsy-Detection\Model\optuna_current_spharm_80_20_20260922\final\coef_plsda\All_coef_Ds005602\left\ResNet\seed_123,0.37,0.7258064516129032,0.6918859649122806,0.5416666666666666,0.8421052631578947,0.6973873097904105,0.7554824561403509,0.6754473758257402
Optuna fold-local PLS-DA coefficient,coef_plsda,All_coef_Ds005602,left,ResNet,2026,10,0.6434542469025227,0.6129032258064516,0.5921052631578947,0.5,0.6842105263157895,0.5921052631578947,0.6798245614035088,"{""batch_size"": 8, ""dropout"": 0.16239780813448107, ""lr"": 0.0003574712922600243, ""weight_decay"": 0.006351221010640704}",C:\Users\IHCK\Desktop\17-9-2569\Hippocampal-Shape-Analysis-for-Epilepsy-Detection\Model\optuna_current_spharm_80_20_20260922\final\coef_plsda\All_coef_Ds005602\left\ResNet\seed_2026,0.37,0.6129032258064516,0.5921052631578947,0.5,0.6842105263157895,0.5921052631578947,0.6798245614035088,0.652046768037909
Optuna fold-local PLS-DA coefficient,coef_plsda,All_coef_Ds005602,left,ResNetAE,42,10,0.6714434990297059,0.7258064516129032,0.6842105263157895,0.5,0.868421052631579,0.6902732882750514,0.7280701754385965,"{""batch_size"": 8, ""dropout"": 0.16239780813448107, ""lr"": 0.0003574712922600243, ""recon_weight"": 0.011900590783184251, ""weight_decay"": 0.006351221010640704}",C:\Users\IHCK\Desktop\17-9-2569\Hippocampal-Shape-Analysis-for-Epilepsy-Detection\Model\optuna_current_spharm_80_20_20260922\final\coef_plsda\All_coef_Ds005602\left\ResNetAE\seed_42,0.285,0.6774193548387096,0.6447368421052632,0.5,0.7894736842105263,0.6477272727272727,0.7280701754385965,0.691225099886701
Optuna fold-local PLS-DA coefficient,coef_plsda,All_coef_Ds005602,left,ResNetAE,123,10,0.6714434990297059,0.6935483870967742,0.6655701754385965,0.5416666666666666,0.7894736842105263,0.6686357243319269,0.7390350877192982,"{""batch_size"": 8, ""dropout"": 0.16239780813448107, ""lr"": 0.0003574712922600243, ""recon_weight"": 0.011900590783184251, ""weight_decay"": 0.006351221010640704}",C:\Users\IHCK\Desktop\17-9-2569\Hippocampal-Shape-Analysis-for-Epilepsy-Detection\Model\optuna_current_spharm_80_20_20260922\final\coef_plsda\All_coef_Ds005602\left\ResNetAE\seed_123,0.285,0.7419354838709677,0.7357456140350878,0.7083333333333334,0.7631578947368421,0.731891891891892,0.7390350877192982,0.6154981317787153
Optuna fold-local PLS-DA coefficient,coef_plsda,All_coef_Ds005602,left,ResNetAE,2026,10,0.6714434990297059,0.7258064516129032,0.6918859649122806,0.5416666666666666,0.8421052631578947,0.6973873097904105,0.6973684210526315,"{""batch_size"": 8, ""dropout"": 0.16239780813448107, ""lr"": 0.0003574712922600243, ""recon_weight"": 0.011900590783184251, ""weight_decay"": 0.006351221010640704}",C:\Users\IHCK\Desktop\17-9-2569\Hippocampal-Shape-Analysis-for-Epilepsy-Detection\Model\optuna_current_spharm_80_20_20260922\final\coef_plsda\All_coef_Ds005602\left\ResNetAE\seed_2026,0.285,0.6290322580645161,0.6129385964912281,0.5416666666666666,0.6842105263157895,0.6119727891156463,0.6973684210526315,0.6306493599502416
Optuna fold-local PLS-DA coefficient,coef_plsda,All_coef_Ds005602,left,MobileNet,42,10,0.6796909986565159,0.6129032258064516,0.5921052631578947,0.5,0.6842105263157895,0.5921052631578947,0.6085526315789473,"{""batch_size"": 8, ""dropout"": 0.2465447373174767, ""lr"": 0.0004345454109729479, ""weight_decay"": 1.461896279370496e-05}",C:\Users\IHCK\Desktop\17-9-2569\Hippocampal-Shape-Analysis-for-Epilepsy-Detection\Model\optuna_current_spharm_80_20_20260922\final\coef_plsda\All_coef_Ds005602\left\MobileNet\seed_42,0.275,0.5483870967741935,0.5471491228070176,0.5416666666666666,0.5526315789473685,0.5407407407407407,0.6085526315789473,0.4985961651291303
Optuna fold-local PLS-DA coefficient,coef_plsda,All_coef_Ds005602,left,MobileNet,123,10,0.6796909986565159,0.6612903225806451,0.6008771929824561,0.3333333333333333,0.868421052631579,0.5955265610438024,0.694078947368421,"{""batch_size"": 8, ""dropout"": 0.2465447373174767, ""lr"": 0.0004345454109729479, ""weight_decay"": 1.461896279370496e-05}",C:\Users\IHCK\Desktop\17-9-2569\Hippocampal-Shape-Analysis-for-Epilepsy-Detection\Model\optuna_current_spharm_80_20_20260922\final\coef_plsda\All_coef_Ds005602\left\MobileNet\seed_123,0.275,0.6774193548387096,0.6524122807017544,0.5416666666666666,0.7631578947368421,0.6544035674470456,0.694078947368421,0.5815674867999776
Optuna fold-local PLS-DA coefficient,coef_plsda,All_coef_Ds005602,left,MobileNet,2026,10,0.6796909986565159,0.6612903225806451,0.6469298245614035,0.5833333333333334,0.7105263157894737,0.6457142857142857,0.7094298245614035,"{""batch_size"": 8, ""dropout"": 0.2465447373174767, ""lr"": 0.0004345454109729479, ""weight_decay"": 1.461896279370496e-05}",C:\Users\IHCK\Desktop\17-9-2569\Hippocampal-Shape-Analysis-for-Epilepsy-Detection\Model\optuna_current_spharm_80_20_20260922\final\coef_plsda\All_coef_Ds005602\left\MobileNet\seed_2026,0.275,0.6129032258064516,0.6151315789473684,0.625,0.6052631578947368,0.6063492063492064,0.7094298245614035,0.7017622947538327
Optuna fold-local PLS-DA coefficient,coef_plsda,All_coef_Ds005602,left,SqueezeNet,42,10,0.5157486191968951,0.5967741935483871,0.525219298245614,0.2083333333333333,0.8421052631578947,0.5024077046548957,0.5844298245614036,"{""batch_size"": 32, ""dropout"": 0.3099025726528951, ""lr"": 0.0016967533607196547, ""weight_decay"": 7.068974950624607e-06}",C:\Users\IHCK\Desktop\17-9-2569\Hippocampal-Shape-Analysis-for-Epilepsy-Detection\Model\optuna_current_spharm_80_20_20260922\final\coef_plsda\All_coef_Ds005602\left\SqueezeNet\seed_42,0.38,0.532258064516129,0.5493421052631579,0.625,0.47368421052631576,0.53116036505867,0.5844298245614036,0.5007627873709355
Optuna fold-local PLS-DA coefficient,coef_plsda,All_coef_Ds005602,left,SqueezeNet,123,10,0.5157486191968951,0.6451612903225806,0.5800438596491229,0.2916666666666667,0.868421052631579,0.5694444444444445,0.625,"{""batch_size"": 32, ""dropout"": 0.3099025726528951, ""lr"": 0.0016967533607196547, ""weight_decay"": 7.068974950624607e-06}",C:\Users\IHCK\Desktop\17-9-2569\Hippocampal-Shape-Analysis-for-Epilepsy-Detection\Model\optuna_current_spharm_80_20_20260922\final\coef_plsda\All_coef_Ds005602\left\SqueezeNet\seed_123,0.38,0.5645161290322581,0.5986842105263158,0.75,0.4473684210526316,0.5644028103044496,0.625,0.5486055422976776
Optuna fold-local PLS-DA coefficient,coef_plsda,All_coef_Ds005602,left,SqueezeNet,2026,10,0.5157486191968951,0.6129032258064516,0.5383771929824561,0.2083333333333333,0.868421052631579,0.5137254901960784,0.5701754385964912,"{""batch_size"": 32, ""dropout"": 0.3099025726528951, ""lr"": 0.0016967533607196547, ""weight_decay"": 7.068974950624607e-06}",C:\Users\IHCK\Desktop\17-9-2569\Hippocampal-Shape-Analysis-for-Epilepsy-Detection\Model\optuna_current_spharm_80_20_20260922\final\coef_plsda\All_coef_Ds005602\left\SqueezeNet\seed_2026,0.38,0.5645161290322581,0.5603070175438596,0.5416666666666666,0.5789473684210527,0.555142173797502,0.5701754385964912,0.47551795004054076
Optuna fold-local PLS-DA coefficient,coef_plsda,All_coef_Ds005602,right,SVM,42,10,0.8564250672574774,0.8412698412698413,0.7966507177033493,0.6842105263157895,0.9090909090909092,0.8055555555555556,0.9043062200956938,"{""C"": 2.481040974867813, ""gamma_mode"": ""auto""}",C:\Users\IHCK\Desktop\17-9-2569\Hippocampal-Shape-Analysis-for-Epilepsy-Detection\Model\optuna_current_spharm_80_20_20260922\final\coef_plsda\All_coef_Ds005602\right\SVM\seed_42,0.26,0.7936507936507936,0.8074162679425837,0.8421052631578947,0.7727272727272727,0.7753086419753086,0.9043062200956938,0.7684568318578615
Optuna fold-local PLS-DA coefficient,coef_plsda,All_coef_Ds005602,right,SVM,123,10,0.8564250672574774,0.8571428571428571,0.8229665071770335,0.7368421052631579,0.9090909090909092,0.8278165806255693,0.9114832535885168,"{""C"": 2.481040974867813, ""gamma_mode"": ""auto""}",C:\Users\IHCK\Desktop\17-9-2569\Hippocampal-Shape-Analysis-for-Epilepsy-Detection\Model\optuna_current_spharm_80_20_20260922\final\coef_plsda\All_coef_Ds005602\right\SVM\seed_123,0.26,0.7936507936507936,0.8223684210526316,0.8947368421052632,0.75,0.7794236466469162,0.9114832535885168,0.7993985340424967
Optuna fold-local PLS-DA coefficient,coef_plsda,All_coef_Ds005602,right,SVM,2026,10,0.8564250672574774,0.8412698412698413,0.7966507177033493,0.6842105263157895,0.9090909090909092,0.8055555555555556,0.9066985645933012,"{""C"": 2.481040974867813, ""gamma_mode"": ""auto""}",C:\Users\IHCK\Desktop\17-9-2569\Hippocampal-Shape-Analysis-for-Epilepsy-Detection\Model\optuna_current_spharm_80_20_20260922\final\coef_plsda\All_coef_Ds005602\right\SVM\seed_2026,0.26,0.7936507936507936,0.8074162679425837,0.8421052631578947,0.7727272727272727,0.7753086419753086,0.9066985645933013,0.8116822906424812
Optuna fold-local PLS-DA coefficient,coef_plsda,All_coef_Ds005602,right,MLP,42,10,0.8733185630637759,0.873015873015873,0.8492822966507176,0.7894736842105263,0.9090909090909092,0.8492822966507176,0.9366028708133972,"{""batch_size"": 8, ""dropout"": 0.4579309401710595, ""lr"": 0.000642033033629786, ""weight_decay"": 5.4880470007660465e-06}",C:\Users\IHCK\Desktop\17-9-2569\Hippocampal-Shape-Analysis-for-Epilepsy-Detection\Model\optuna_current_spharm_80_20_20260922\final\coef_plsda\All_coef_Ds005602\right\MLP\seed_42,0.35,0.873015873015873,0.8642344497607655,0.8421052631578947,0.8863636363636364,0.8534883720930233,0.9366028708133971,0.861493762824664
Optuna fold-local PLS-DA coefficient,coef_plsda,All_coef_Ds005602,right,MLP,123,10,0.8733185630637759,0.873015873015873,0.8492822966507176,0.7894736842105263,0.9090909090909092,0.8492822966507176,0.9473684210526316,"{""batch_size"": 8, ""dropout"": 0.4579309401710595, ""lr"": 0.000642033033629786, ""weight_decay"": 5.4880470007660465e-06}",C:\Users\IHCK\Desktop\17-9-2569\Hippocampal-Shape-Analysis-for-Epilepsy-Detection\Model\optuna_current_spharm_80_20_20260922\final\coef_plsda\All_coef_Ds005602\right\MLP\seed_123,0.35,0.873015873015873,0.8642344497607655,0.8421052631578947,0.8863636363636364,0.8534883720930233,0.9473684210526315,0.8492463339246217
Optuna fold-local PLS-DA coefficient,coef_plsda,All_coef_Ds005602,right,MLP,2026,10,0.8733185630637759,0.8571428571428571,0.8229665071770335,0.7368421052631579,0.9090909090909092,0.8278165806255693,0.9330143540669856,"{""batch_size"": 8, ""dropout"": 0.4579309401710595, ""lr"": 0.000642033033629786, ""weight_decay"": 5.4880470007660465e-06}",C:\Users\IHCK\Desktop\17-9-2569\Hippocampal-Shape-Analysis-for-Epilepsy-Detection\Model\optuna_current_spharm_80_20_20260922\final\coef_plsda\All_coef_Ds005602\right\MLP\seed_2026,0.35,0.873015873015873,0.8492822966507176,0.7894736842105263,0.9090909090909091,0.8492822966507176,0.9330143540669857,0.8593459518321014
Optuna fold-local PLS-DA coefficient,coef_plsda,All_coef_Ds005602,right,ResNet,42,10,0.7084981800917867,0.746031746031746,0.6836124401913876,0.5263157894736842,0.8409090909090909,0.6888888888888889,0.7691387559808612,"{""batch_size"": 8, ""dropout"": 0.2465447373174767, ""lr"": 0.0004345454109729479, ""weight_decay"": 1.461896279370496e-05}",C:\Users\IHCK\Desktop\17-9-2569\Hippocampal-Shape-Analysis-for-Epilepsy-Detection\Model\optuna_current_spharm_80_20_20260922\final\coef_plsda\All_coef_Ds005602\right\ResNet\seed_42,0.29,0.6984126984126984,0.6495215311004785,0.5263157894736842,0.7727272727272727,0.6472148541114058,0.7691387559808612,0.6593338608498289
Optuna fold-local PLS-DA coefficient,coef_plsda,All_coef_Ds005602,right,ResNet,123,10,0.7084981800917867,0.8095238095238095,0.7589712918660287,0.631578947368421,0.8863636363636364,0.7666666666666666,0.888755980861244,"{""batch_size"": 8, ""dropout"": 0.2465447373174767, ""lr"": 0.0004345454109729479, ""weight_decay"": 1.461896279370496e-05}",C:\Users\IHCK\Desktop\17-9-2569\Hippocampal-Shape-Analysis-for-Epilepsy-Detection\Model\optuna_current_spharm_80_20_20260922\final\coef_plsda\All_coef_Ds005602\right\ResNet\seed_123,0.29,0.873015873015873,0.8642344497607655,0.8421052631578947,0.8863636363636364,0.8534883720930233,0.888755980861244,0.7877921624594895
Optuna fold-local PLS-DA coefficient,coef_plsda,All_coef_Ds005602,right,ResNet,2026,10,0.7084981800917867,0.8571428571428571,0.8080143540669856,0.6842105263157895,0.9318181818181818,0.8219780219780222,0.8875598086124402,"{""batch_size"": 8, ""dropout"": 0.2465447373174767, ""lr"": 0.0004345454109729479, ""weight_decay"": 1.461896279370496e-05}",C:\Users\IHCK\Desktop\17-9-2569\Hippocampal-Shape-Analysis-for-Epilepsy-Detection\Model\optuna_current_spharm_80_20_20260922\final\coef_plsda\All_coef_Ds005602\right\ResNet\seed_2026,0.29,0.8253968253968254,0.7852870813397129,0.6842105263157895,0.8863636363636364,0.7895535985423626,0.8875598086124402,0.7243368286325551
Optuna fold-local PLS-DA coefficient,coef_plsda,All_coef_Ds005602,right,ResNetAE,42,10,0.7071925937648362,0.746031746031746,0.6985645933014355,0.5789473684210527,0.8181818181818182,0.6985645933014355,0.8313397129186603,"{""batch_size"": 16, ""dropout"": 0.14881529393791154, ""lr"": 0.0015635108708133452, ""recon_weight"": 0.04407984038169244, ""weight_decay"": 1.6536937182824424e-05}",C:\Users\IHCK\Desktop\17-9-2569\Hippocampal-Shape-Analysis-for-Epilepsy-Detection\Model\optuna_current_spharm_80_20_20260922\final\coef_plsda\All_coef_Ds005602\right\ResNetAE\seed_42,0.175,0.7301587301587301,0.7320574162679425,0.7368421052631579,0.7272727272727273,0.7061728395061728,0.8313397129186603,0.7087034390930573
Optuna fold-local PLS-DA coefficient,coef_plsda,All_coef_Ds005602,right,ResNetAE,123,10,0.7071925937648362,0.6984126984126984,0.6345693779904306,0.4736842105263157,0.7954545454545454,0.6365016702095354,0.7858851674641147,"{""batch_size"": 16, ""dropout"": 0.14881529393791154, ""lr"": 0.0015635108708133452, ""recon_weight"": 0.04407984038169244, ""weight_decay"": 1.6536937182824424e-05}",C:\Users\IHCK\Desktop\17-9-2569\Hippocampal-Shape-Analysis-for-Epilepsy-Detection\Model\optuna_current_spharm_80_20_20260922\final\coef_plsda\All_coef_Ds005602\right\ResNetAE\seed_123,0.175,0.6984126984126984,0.6794258373205742,0.631578947368421,0.7272727272727273,0.6646119361165592,0.7858851674641147,0.5875918796222401
Optuna fold-local PLS-DA coefficient,coef_plsda,All_coef_Ds005602,right,ResNetAE,2026,10,0.7071925937648362,0.7142857142857143,0.6160287081339713,0.3684210526315789,0.8636363636363636,0.6230053191489362,0.7332535885167464,"{""batch_size"": 16, ""dropout"": 0.14881529393791154, ""lr"": 0.0015635108708133452, ""recon_weight"": 0.04407984038169244, ""weight_decay"": 1.6536937182824424e-05}",C:\Users\IHCK\Desktop\17-9-2569\Hippocampal-Shape-Analysis-for-Epilepsy-Detection\Model\optuna_current_spharm_80_20_20260922\final\coef_plsda\All_coef_Ds005602\right\ResNetAE\seed_2026,0.175,0.7619047619047619,0.7099282296650717,0.5789473684210527,0.8409090909090909,0.713027634375949,0.7332535885167464,0.5070519652634211
Optuna fold-local PLS-DA coefficient,coef_plsda,All_coef_Ds005602,right,MobileNet,42,10,0.7198132615920241,0.746031746031746,0.6686602870813397,0.4736842105263157,0.8636363636363636,0.6777493606138107,0.8181818181818181,"{""batch_size"": 16, ""dropout"": 0.23013213230530574, ""lr"": 0.0007641361869233315, ""weight_decay"": 0.0048696409415209}",C:\Users\IHCK\Desktop\17-9-2569\Hippocampal-Shape-Analysis-for-Epilepsy-Detection\Model\optuna_current_spharm_80_20_20260922\final\coef_plsda\All_coef_Ds005602\right\MobileNet\seed_42,0.38,0.7619047619047619,0.7248803827751196,0.631578947368421,0.8181818181818182,0.7214854111405836,0.8181818181818181,0.6514112336765212
Optuna fold-local PLS-DA coefficient,coef_plsda,All_coef_Ds005602,right,MobileNet,123,10,0.7198132615920241,0.6825396825396826,0.5633971291866029,0.2631578947368421,0.8636363636363636,0.5625,0.7799043062200957,"{""batch_size"": 16, ""dropout"": 0.23013213230530574, ""lr"": 0.0007641361869233315, ""weight_decay"": 0.0048696409415209}",C:\Users\IHCK\Desktop\17-9-2569\Hippocampal-Shape-Analysis-for-Epilepsy-Detection\Model\optuna_current_spharm_80_20_20260922\final\coef_plsda\All_coef_Ds005602\right\MobileNet\seed_123,0.38,0.6984126984126984,0.6196172248803828,0.42105263157894735,0.8181818181818182,0.6241758241758242,0.7799043062200957,0.5320210925351874
Optuna fold-local PLS-DA coefficient,coef_plsda,All_coef_Ds005602,right,MobileNet,2026,10,0.7198132615920241,0.7619047619047619,0.6501196172248803,0.3684210526315789,0.9318181818181818,0.6640597227159617,0.7380382775119617,"{""batch_size"": 16, ""dropout"": 0.23013213230530574, ""lr"": 0.0007641361869233315, ""weight_decay"": 0.0048696409415209}",C:\Users\IHCK\Desktop\17-9-2569\Hippocampal-Shape-Analysis-for-Epilepsy-Detection\Model\optuna_current_spharm_80_20_20260922\final\coef_plsda\All_coef_Ds005602\right\MobileNet\seed_2026,0.38,0.7936507936507936,0.7177033492822966,0.5263157894736842,0.9090909090909091,0.7331378299120235,0.7380382775119617,0.590962394189668
Optuna fold-local PLS-DA coefficient,coef_plsda,All_coef_Ds005602,right,SqueezeNet,42,10,0.5015429656591233,0.7142857142857143,0.5263157894736842,0.0526315789473684,1.0,0.4650943396226415,0.4294258373205741,"{""batch_size"": 32, ""dropout"": 0.4233589392465845, ""lr"": 0.0007896186801026692, ""weight_decay"": 4.809461967501575e-06}",C:\Users\IHCK\Desktop\17-9-2569\Hippocampal-Shape-Analysis-for-Epilepsy-Detection\Model\optuna_current_spharm_80_20_20260922\final\coef_plsda\All_coef_Ds005602\right\SqueezeNet\seed_42,0.245,0.2857142857142857,0.4138755980861244,0.7368421052631579,0.09090909090909091,0.2672525200310158,0.4294258373205741,0.3252988220470552
Optuna fold-local PLS-DA coefficient,coef_plsda,All_coef_Ds005602,right,SqueezeNet,123,10,0.5015429656591233,0.7142857142857143,0.5263157894736842,0.0526315789473684,1.0,0.4650943396226415,0.5119617224880383,"{""batch_size"": 32, ""dropout"": 0.4233589392465845, ""lr"": 0.0007896186801026692, ""weight_decay"": 4.809461967501575e-06}",C:\Users\IHCK\Desktop\17-9-2569\Hippocampal-Shape-Analysis-for-Epilepsy-Detection\Model\optuna_current_spharm_80_20_20260922\final\coef_plsda\All_coef_Ds005602\right\SqueezeNet\seed_123,0.245,0.4126984126984127,0.5197368421052632,0.7894736842105263,0.25,0.4103212749810271,0.5119617224880383,0.3478152415430023
Optuna fold-local PLS-DA coefficient,coef_plsda,All_coef_Ds005602,right,SqueezeNet,2026,10,0.5015429656591233,0.7142857142857143,0.5263157894736842,0.0526315789473684,1.0,0.4650943396226415,0.4772727272727273,"{""batch_size"": 32, ""dropout"": 0.4233589392465845, ""lr"": 0.0007896186801026692, ""weight_decay"": 4.809461967501575e-06}",C:\Users\IHCK\Desktop\17-9-2569\Hippocampal-Shape-Analysis-for-Epilepsy-Detection\Model\optuna_current_spharm_80_20_20260922\final\coef_plsda\All_coef_Ds005602\right\SqueezeNet\seed_2026,0.245,0.36507936507936506,0.4706937799043062,0.7368421052631579,0.20454545454545456,0.36105476673427994,0.4772727272727273,0.3524780236934058
